Amount Requested,Application Date,Loan Title,Risk_Score,Debt-To-Income Ratio,Zip Code,State,Employment Length,Policy Code
1000.0,2007-05-26,Wedding Covered but No Honeymoon,693.0,10%,481xx,NM,4 years,0.0
1000.0,2007-05-26,Consolidating Debt,703.0,10%,010xx,MA,< 1 year,0.0
11000.0,2007-05-27,Want to consolidate my debt,715.0,10%,212xx,MD,1 year,0.0
6000.0,2007-05-27,waksman,698.0,38.64%,017xx,MA,< 1 year,0.0
1500.0,2007-05-27,mdrigo,509.0,9.43%,209xx,MD,< 1 year,0.0
15000.0,2007-05-27,Trinfiniti,645.0,0%,105xx,NY,3 years,0.0
10000.0,2007-05-27,NOTIFYi Inc,693.0,10%,210xx,MD,< 1 year,0.0
3900.0,2007-05-27,For Justin.,700.0,10%,469xx,IN,2 years,0.0
3000.0,2007-05-28,title?,694.0,10%,808xx,CO,4 years,0.0
2500.0,2007-05-28,timgerst,573.0,11.76%,407xx,KY,4 years,0.0
3900.0,2007-05-28,need to consolidate,710.0,10%,705xx,LA,10+ years,0.0
1000.0,2007-05-28,sixstrings,680.0,10%,424xx,KY,1 year,0.0
3000.0,2007-05-28,bmoore5110,688.0,10%,190xx,PA,< 1 year,0.0
1500.0,2007-05-28,MHarkins,704.0,10%,189xx,PA,3 years,0.0
1000.0,2007-05-28,Moving,694.0,10%,354xx,AL,< 1 year,0.0
8000.0,2007-05-28,Recent College Grad Wants to Pay Off CCs,708.0,10%,374xx,TN,< 1 year,0.0
12000.0,2007-05-29,FoundersCafe.com,685.0,10%,770xx,TX,3 years,0.0
1000.0,2007-05-29,UChicago2004,698.0,10%,207xx,MD,3 years,0.0
15000.0,2007-05-29,Cancer is Killing My Credit,680.0,10%,432xx,OH,< 1 year,0.0
5000.0,2007-05-29,2006-2007 College Debt Loan,680.0,10%,011xx,MA,< 1 year,0.0
15000.0,2007-05-29,twbmc,712.0,10%,773xx,TX,< 1 year,0.0
5000.0,2007-05-29,Bills & Vacation,704.0,10%,212xx,MD,1 year,0.0
4950.0,2007-05-29,Vehicle Purchase/Used Auto,693.0,10%,220xx,VA,2 years,0.0
6100.0,2007-05-29,thejanman,684.0,24.69%,453xx,OH,2 years,0.0
12000.0,2007-05-29,Finish Off College,704.0,10%,462xx,IN,2 years,0.0
25000.0,2007-05-29,Phuocpnn,686.0,10%,631xx,MO,< 1 year,0.0
15000.0,2007-05-29,Established borrower consolodating debt,698.0,15.56%,559xx,MN,< 1 year,0.0
5000.0,2007-05-29,mainmanandy,719.0,10%,457xx,OH,< 1 year,0.0
10000.0,2007-05-30,Jaguar10301,602.0,2.25%,221xx,VA,< 1 year,0.0
10000.0,2007-05-30,rpinho78,475.0,21.77%,061xx,CT,< 1 year,0.0
1000.0,2007-05-30,ashtru,695.0,0%,443xx,OH,< 1 year,0.0
4000.0,2007-05-30,sparks,671.0,36.8%,630xx,MO,< 1 year,0.0
7000.0,2007-05-30,big fat lender,638.0,17.73%,941xx,CA,< 1 year,0.0
25000.0,2007-05-30,toeeeekne,671.0,4.5%,483xx,FL,2 years,0.0
1000.0,2007-05-30,stnthoma22,429.0,15.92%,462xx,IN,2 years,0.0
6500.0,2007-05-30,natbunn,632.0,12.98%,773xx,TX,< 1 year,0.0
2000.0,2007-05-30,SGearhart1381,579.0,32.64%,658xx,MO,< 1 year,0.0
15000.0,2007-05-30,2dozen,474.0,1.55%,453xx,OH,4 years,0.0
6000.0,2007-05-30,Good Heart Bad Credit!,463.0,12.34%,953xx,CA,1 year,0.0
2500.0,2007-05-31,mbcoon,593.0,18.43%,790xx,TX,1 year,0.0
12500.0,2007-05-31,boardwalk,578.0,31.82%,775xx,TX,9 years,0.0
3000.0,2007-05-31,danthe83,536.0,0%,551xx,MN,< 1 year,0.0
7500.0,2007-05-31,maryk2001,524.0,61.47%,316xx,GA,5 years,0.0
5000.0,2007-05-31,ppatti113,520.0,8.93%,024xx,MA,1 year,0.0
5000.0,2007-05-31,spidermonkey07,0.0,6%,448xx,OH,< 1 year,0.0
4000.0,2007-05-31,brock1jd,658.0,43.8%,480xx,MN,< 1 year,0.0
1000.0,2007-05-31,jprice1542,0.0,4.61%,373xx,TN,< 1 year,0.0
5000.0,2007-05-31,mashowar,492.0,15.73%,474xx,IN,4 years,0.0
1000.0,2007-05-31,jaynesweet,581.0,28.04%,681xx,NE,2 years,0.0
1000.0,2007-06-01,memorial,543.0,41.35%,328xx,FL,2 years,0.0
6025.0,2007-06-01,Fleurdetragedie,660.0,69.84%,301xx,GA,2 years,0.0
10000.0,2007-06-01,jfirson,503.0,61.07%,668xx,KS,1 year,0.0
3000.0,2007-06-01,cdc,556.0,20.91%,786xx,TX,1 year,0.0
10000.0,2007-06-01,katiemass,480.0,8.7%,452xx,OH,1 year,0.0
2100.0,2007-06-01,A clean sweep before buying a new house,684.0,10%,208xx,MD,1 year,0.0
5000.0,2007-06-01,kennysack,592.0,53.76%,477xx,IN,< 1 year,0.0
10000.0,2007-06-01,dreamerabove,600.0,3.84%,021xx,MA,< 1 year,0.0
1200.0,2007-06-01,jflack,524.0,0%,720xx,AR,4 years,0.0
4000.0,2007-06-01,ceodiva,460.0,0%,302xx,GA,< 1 year,0.0
15000.0,2007-06-01,joelforeman,654.0,27.48%,328xx,FL,2 years,0.0
1000.0,2007-06-01,auburnmk23,486.0,12.4%,368xx,AL,< 1 year,0.0
2500.0,2007-06-01,Scott Stowe,520.0,13.1%,460xx,IN,1 year,0.0
5000.0,2007-06-01,iamheatherleigh,0.0,0%,405xx,KY,5 years,0.0
2500.0,2007-06-01,Paying for college,547.0,29.16%,331xx,FL,< 1 year,0.0
1000.0,2007-06-01,alivrum,454.0,7.68%,434xx,OH,< 1 year,0.0
5000.0,2007-06-02,wbnd44,509.0,20%,436xx,OH,1 year,0.0
5000.0,2007-06-02,skyydogg,0.0,0%,535xx,WI,1 year,0.0
1500.0,2007-06-02,Svengar7,665.0,0%,191xx,PA,< 1 year,0.0
1000.0,2007-06-02,sopinksolovely,454.0,11.12%,113xx,NY,2 years,0.0
1000.0,2007-06-02,angelbabe,561.0,1.07%,104xx,NY,< 1 year,0.0
8000.0,2007-06-02,K9Genetics,565.0,11.67%,852xx,AZ,1 year,0.0
3500.0,2007-06-02,zminer,479.0,1.73%,805xx,CO,< 1 year,0.0
2500.0,2007-06-02,moecheeks21,444.0,0%,674xx,KS,< 1 year,0.0
25000.0,2007-06-02,Lilly,549.0,20.06%,852xx,AZ,4 years,0.0
4500.0,2007-06-02,QuisyFBaby,599.0,16.8%,212xx,MD,< 1 year,0.0
2000.0,2007-06-03,thesassaman,650.0,0%,980xx,WA,< 1 year,0.0
10000.0,2007-06-03,regan117,607.0,23.1%,182xx,PA,1 year,0.0
3500.0,2007-06-03,manx203,0.0,0%,151xx,PA,< 1 year,0.0
5000.0,2007-06-03,eswist,419.0,3.48%,773xx,TX,1 year,0.0
11000.0,2007-06-03,Consolidate Prosper,758.0,37.3%,972xx,OR,1 year,0.0
1500.0,2007-06-03,matt12amazing,504.0,27.45%,660xx,KS,< 1 year,0.0
1500.0,2007-06-04,dEs,711.0,58.8%,303xx,GA,1 year,0.0
1000.0,2007-06-04,I'm trying to repair my credit by paying off some old debts.,530.0,8.51%,722xx,AR,< 1 year,0.0
7000.0,2007-06-04,jd2427,473.0,23.96%,300xx,GA,< 1 year,0.0
25000.0,2007-06-04,Annieb6283,606.0,4.9%,191xx,PA,< 1 year,0.0
10000.0,2007-06-04,LenaPresley,502.0,0%,282xx,NC,< 1 year,0.0
4000.0,2007-06-04,bhissam,497.0,9.87%,261xx,WV,1 year,0.0
2500.0,2007-06-04,Jonelle's Study Abroad,709.0,10%,112xx,NY,< 1 year,0.0
3000.0,2007-06-04,belle54304,412.0,20.01%,543xx,WI,1 year,0.0
1000.0,2007-06-04,KB143,506.0,13.01%,372xx,TN,3 years,0.0
7500.0,2007-06-04,fsallustio,472.0,14.36%,021xx,MA,7 years,0.0
2000.0,2007-06-04,mlishuslymotvatd,507.0,0%,137xx,NY,< 1 year,0.0
1000.0,2007-06-04,Gballgamer,567.0,16.58%,805xx,CO,< 1 year,0.0
1100.0,2007-06-04,MATTHEW,551.0,0.72%,334xx,FL,4 years,0.0
3000.0,2007-06-04,saxman6160,0.0,4.05%,800xx,CO,< 1 year,0.0
1000.0,2007-06-05,queenlurline,0.0,0.86%,846xx,UT,< 1 year,0.0
7000.0,2007-06-05,chrisw1025,607.0,39.79%,278xx,NC,2 years,0.0
1000.0,2007-06-05,ErikBell,0.0,6.55%,800xx,CO,4 years,0.0
5000.0,2007-06-05,baileykearns,552.0,1.6%,450xx,OH,2 years,0.0
1300.0,2007-06-05,kimbbarr,643.0,22.5%,085xx,NJ,2 years,0.0
500.0,2007-06-05,Kiana_Noelle,547.0,18.52%,207xx,MD,4 years,0.0
1000.0,2007-06-05,Raistlan,647.0,7.21%,980xx,WA,7 years,0.0
1000.0,2007-06-05,chynadoll3586,531.0,493.6%,480xx,AL,1 year,0.0
3000.0,2007-06-06,Keith24601,612.0,6.72%,081xx,NJ,< 1 year,0.0
2000.0,2007-06-06,nicole38,656.0,5.51%,212xx,MD,1 year,0.0
5000.0,2007-06-06,Butterfly,528.0,18.4%,236xx,VA,2 years,0.0
2000.0,2007-06-06,speedy079,558.0,10.85%,085xx,NJ,5 years,0.0
10000.0,2007-06-06,demarishargett,461.0,14.76%,283xx,NC,3 years,0.0
6700.0,2007-06-06,LoveLearn,522.0,4.17%,302xx,GA,2 years,0.0
20000.0,2007-06-06,Back To School,690.0,0.4%,079xx,NJ,< 1 year,0.0
3400.0,2007-06-06,scooterodell,559.0,24.36%,145xx,NY,9 years,0.0
5000.0,2007-06-06,crazymacguy,633.0,13.03%,539xx,WI,< 1 year,0.0
8000.0,2007-06-06,TheresaF,481.0,12.21%,441xx,OH,< 1 year,0.0
6000.0,2007-06-07,tjudith,679.0,26.07%,232xx,VA,< 1 year,0.0
5000.0,2007-06-08,1OTH-MOUNTAIN-MAN,494.0,5.86%,136xx,NY,< 1 year,0.0
9500.0,2007-06-08,moneywise,582.0,1.47%,998xx,AK,1 year,0.0
3500.0,2007-06-08,tmsworld,583.0,3.12%,100xx,NY,< 1 year,0.0
1500.0,2007-06-08,Sapphieangel008,468.0,3.98%,452xx,OH,< 1 year,0.0
10000.0,2007-06-08,FSUgirl,565.0,6.48%,323xx,FL,< 1 year,0.0
10000.0,2007-06-08,GRNGLD08,576.0,46.15%,233xx,VA,< 1 year,0.0
800.0,2007-06-08,mozizzle86,696.0,24%,112xx,NY,< 1 year,0.0
10000.0,2007-06-08,brianmikalw,559.0,0%,136xx,NY,< 1 year,0.0
5000.0,2007-06-08,thephotoguy.seth,545.0,10.18%,337xx,TN,< 1 year,0.0
6000.0,2007-06-08,Chase,602.0,2.36%,354xx,AL,< 1 year,0.0
1000.0,2007-06-08,sgeorges86,626.0,3%,292xx,SC,< 1 year,0.0
1000.0,2007-06-08,meep737,640.0,5.51%,430xx,OH,1 year,0.0
15000.0,2007-06-09,laurel,528.0,34.27%,136xx,NY,< 1 year,0.0
2500.0,2007-06-09,kyrstyn,509.0,14.16%,171xx,PA,< 1 year,0.0
16000.0,2007-06-09,Eagle8XC Tuition loan,667.0,22.98%,056xx,VT,1 year,0.0
2000.0,2007-06-09,Emmyboo0569,607.0,6.91%,238xx,VA,1 year,0.0
4000.0,2007-06-09,jweme,609.0,14.5%,328xx,FL,< 1 year,0.0
2000.0,2007-06-09,Bizounce,450.0,14.34%,554xx,MN,< 1 year,0.0
3000.0,2007-06-09,lmhsfan,,9.26%,805xx,CO,< 1 year,0.0
6000.0,2007-06-09,Chuck Ave,492.0,12%,641xx,MO,< 1 year,0.0
2500.0,2007-06-10,RebelGrad07,549.0,21.94%,388xx,MS,7 years,0.0
3000.0,2007-06-10,mtalty,481.0,60.11%,462xx,IN,3 years,0.0
6000.0,2007-06-10,brint,716.0,4042.11%,752xx,TX,< 1 year,0.0
17000.0,2007-06-10,Consolidating credit cards,653.0,5.96%,212xx,MD,4 years,0.0
5000.0,2007-06-10,jedurs,621.0,2.6%,231xx,VA,< 1 year,0.0
7500.0,2007-06-10,Charles,629.0,45.95%,322xx,FL,6 years,0.0
15000.0,2007-06-11,vervec,615.0,15%,024xx,MA,8 years,0.0
4000.0,2007-06-11,Debt Consolidation,608.0,0%,558xx,MN,< 1 year,0.0
4000.0,2007-06-11,Nickolae3,628.0,6.36%,403xx,KY,< 1 year,0.0
1000.0,2007-06-11,Alison,585.0,24%,803xx,CO,< 1 year,0.0
1500.0,2007-06-11,jaja9487,493.0,6.4%,457xx,OH,1 year,0.0
6500.0,2007-06-11,Sammy,512.0,1.84%,021xx,MA,9 years,0.0
5000.0,2007-06-11,Mattd,598.0,24.7%,300xx,GA,1 year,0.0
4000.0,2007-06-11,mattwalker,490.0,36.92%,235xx,VA,4 years,0.0
1500.0,2007-06-11,nfields1,588.0,9.23%,395xx,MS,< 1 year,0.0
1000.0,2007-06-11,luckyspirit,612.0,36.7%,658xx,MO,1 year,0.0
10000.0,2007-06-12,ali82fla,503.0,17.3%,336xx,FL,2 years,0.0
6000.0,2007-06-12,dirtbag05,454.0,21.6%,240xx,VA,< 1 year,0.0
25000.0,2007-06-12,peytongunn,512.0,0.77%,287xx,NC,< 1 year,0.0
10000.0,2007-06-12,ejsejsejs,0.0,0%,641xx,MO,1 year,0.0
4975.0,2007-06-12,triple007,523.0,1.84%,302xx,GA,8 years,0.0
25000.0,2007-06-12,Friend in need,557.0,18.83%,463xx,IN,1 year,0.0
5000.0,2007-06-12,B_lucas,530.0,0%,191xx,PA,< 1 year,0.0
15000.0,2007-06-12,Oldhouserenovator,576.0,17.06%,014xx,MA,2 years,0.0
3000.0,2007-06-12,keep0njeepin0n,548.0,17.74%,299xx,SC,4 years,0.0
3000.0,2007-06-12,arod76,497.0,10.59%,292xx,SC,3 years,0.0
12000.0,2007-06-12,Tony_Texan,,100%,802xx,CO,< 1 year,0.0
14000.0,2007-06-13,enturio,693.0,27.98%,112xx,NY,3 years,0.0
25000.0,2007-06-13,AdamDJohnson,0.0,0%,773xx,TX,4 years,0.0
1000.0,2007-06-13,PackAttack25,489.0,0%,283xx,NC,< 1 year,0.0
11000.0,2007-06-13,jar73186,0.0,0.75%,660xx,KS,1 year,0.0
1000.0,2007-06-13,iamjames,535.0,4.68%,630xx,MO,2 years,0.0
5000.0,2007-06-14,Hotspitta4life,557.0,9.6%,125xx,NY,< 1 year,0.0
5000.0,2007-06-14,SadRobot,639.0,1.32%,981xx,WA,4 years,0.0
3000.0,2007-06-14,Debonair,478.0,48.24%,984xx,WA,1 year,0.0
1000.0,2007-06-14,jessicavk,736.0,25.64%,462xx,IN,2 years,0.0
4000.0,2007-06-14,Chris Anthony,640.0,48.6%,473xx,IN,4 years,0.0
12000.0,2007-06-14,Responsible34,536.0,10.15%,752xx,TX,< 1 year,0.0
2000.0,2007-06-14,lizoplex,549.0,27.94%,372xx,TN,< 1 year,0.0
2500.0,2007-06-15,kmdones,454.0,15.07%,206xx,MD,< 1 year,0.0
2000.0,2007-06-15,evolution333,522.0,0%,278xx,NC,< 1 year,0.0
7000.0,2007-06-15,ctg5ny,533.0,136.56%,306xx,GA,2 years,0.0
15000.0,2007-06-15,Tumalu,635.0,18.91%,750xx,TX,1 year,0.0
5000.0,2007-06-15,MizzDavis,631.0,20.64%,432xx,OH,1 year,0.0
2500.0,2007-06-15,djdecibal,475.0,42.55%,557xx,MN,1 year,0.0
2000.0,2007-06-15,bleitheiser,445.0,0%,532xx,WI,< 1 year,0.0
5000.0,2007-06-15,I need to refinance credit card debt that I got paying some legal fees,700.0,16.05%,774xx,TX,< 1 year,0.0
3000.0,2007-06-15,Selly,590.0,12.6%,257xx,WV,2 years,0.0
2500.0,2007-06-15,Lady_Neasha,0.0,8.67%,631xx,MO,1 year,0.0
25000.0,2007-06-16,emy,494.0,0%,331xx,FL,7 years,0.0
22000.0,2007-06-16,Stomping,645.0,37.09%,197xx,DE,2 years,0.0
2500.0,2007-06-17,trenee02,619.0,3%,372xx,TN,< 1 year,0.0
2000.0,2007-06-17,jackie1625,628.0,10.45%,431xx,OH,1 year,0.0
15000.0,2007-06-17,TDudai4,512.0,20.57%,325xx,FL,10+ years,0.0
5000.0,2007-06-17,levi,611.0,14.28%,652xx,MO,< 1 year,0.0
15000.0,2007-06-17,jfernando1,652.0,28.33%,328xx,FL,3 years,0.0
5000.0,2007-06-17,Stacked186,585.0,1.8%,148xx,NY,< 1 year,0.0
9000.0,2007-06-17,RKurth34,537.0,37.4%,991xx,WA,3 years,0.0
1000.0,2007-06-17,mansplace,525.0,8.36%,706xx,LA,< 1 year,0.0
3000.0,2007-06-17,AWoodard,560.0,4.8%,644xx,MO,1 year,0.0
1000.0,2007-06-18,young1jay,590.0,13.5%,067xx,CT,< 1 year,0.0
1500.0,2007-06-18,chrislee4life,470.0,4.44%,991xx,WA,4 years,0.0
10000.0,2007-06-18,topdog1203,490.0,4.02%,537xx,WI,2 years,0.0
10000.0,2007-06-18,hungwilfredo,693.0,31.65%,333xx,FL,3 years,0.0
3000.0,2007-06-18,jaj0165,634.0,17.93%,354xx,AL,10+ years,0.0
17000.0,2007-06-18,caterik,628.0,22.76%,481xx,MI,< 1 year,0.0
1000.0,2007-06-18,smollieolliepop,603.0,9.95%,760xx,TX,< 1 year,0.0
7000.0,2007-06-18,Mom wants to get rid of credit card,532.0,4.02%,508xx,IA,7 years,0.0
3000.0,2007-06-18,whyte_smoke_187,569.0,10.04%,703xx,LA,1 year,0.0
1000.0,2007-06-19,December Purchases & Christmas Shopping,628.0,7.8%,010xx,MA,< 1 year,0.0
10000.0,2007-06-19,Jay,605.0,28.46%,220xx,VA,1 year,0.0
4000.0,2007-06-19,ThePegLeg,,100%,796xx,TX,< 1 year,0.0
5000.0,2007-06-19,Dbrow113,544.0,32.64%,300xx,GA,2 years,0.0
1800.0,2007-06-19,ffadahunsi,516.0,9.33%,112xx,NY,< 1 year,0.0
10000.0,2007-06-19,strehlj,633.0,11.06%,336xx,FL,3 years,0.0
25000.0,2007-06-19,Tasia_Audre,483.0,9.26%,276xx,NC,< 1 year,0.0
5200.0,2007-06-19,jags1677,651.0,27.04%,605xx,IL,< 1 year,0.0
5000.0,2007-06-19,Vetri,604.0,26.5%,132xx,NY,1 year,0.0
2150.0,2007-06-19,KapSig,455.0,13.52%,532xx,WI,1 year,0.0
5000.0,2007-06-19,christinam84,594.0,0%,127xx,NY,1 year,0.0
23000.0,2007-06-19,Trying to consolidate debt,651.0,11.27%,984xx,WA,1 year,0.0
25000.0,2007-06-19,JoeMattie,642.0,41.64%,997xx,AK,1 year,0.0
2000.0,2007-06-19,Jlb7557,529.0,27.01%,925xx,CA,1 year,0.0
5000.0,2007-06-19,Nerdular,617.0,6.17%,982xx,UT,< 1 year,0.0
5000.0,2007-06-20,clogteachr,647.0,19.75%,482xx,MI,8 years,0.0
25000.0,2007-06-20,ajo,589.0,5.74%,560xx,MN,2 years,0.0
3000.0,2007-06-20,JoelBacon,683.0,4.69%,481xx,OH,2 years,0.0
5000.0,2007-06-20,Looking for some help to pay healthcare ,508.0,11.1%,115xx,NY,3 years,0.0
5000.0,2007-06-20,drulover4eva2000,564.0,24.6%,212xx,MD,10+ years,0.0
1000.0,2007-06-20,drsray55,561.0,67.14%,257xx,WV,2 years,0.0
3500.0,2007-06-21,mqs0420,572.0,0%,350xx,AL,< 1 year,0.0
7500.0,2007-06-21,mrwilson,525.0,24%,640xx,MO,3 years,0.0
1000.0,2007-06-21,jeremysegars,482.0,21.43%,752xx,TX,< 1 year,0.0
1500.0,2007-06-21,asquit,581.0,2.52%,660xx,KS,1 year,0.0
10000.0,2007-06-21,Loan Consolidation,635.0,13.35%,926xx,CA,1 year,0.0
4000.0,2007-06-21,musicjunkieg,515.0,12.29%,100xx,NY,< 1 year,0.0
12000.0,2007-06-21,incognito,789.0,22.72%,014xx,MA,5 years,0.0
8000.0,2007-06-21,One Payment Plan,595.0,15.67%,672xx,KS,< 1 year,0.0
1300.0,2007-06-21,micdavhen,468.0,11.53%,277xx,NC,1 year,0.0
3000.0,2007-06-21,echolis,543.0,7.3%,142xx,NY,5 years,0.0
2200.0,2007-06-21,velodave,596.0,0.5%,432xx,OH,2 years,0.0
25000.0,2007-06-21,callana,619.0,10.29%,021xx,MA,2 years,0.0
10000.0,2007-06-21,SFPT,474.0,12.93%,546xx,WI,< 1 year,0.0
1000.0,2007-06-22,BrianMc21,0.0,0%,314xx,GA,< 1 year,0.0
7500.0,2007-06-22,DonGuzz,528.0,0%,021xx,MA,5 years,0.0
1000.0,2007-06-22,ninjaone,646.0,109.2%,752xx,TX,< 1 year,0.0
5000.0,2007-06-22,operaprincess86,600.0,10.12%,021xx,MA,1 year,0.0
10000.0,2007-06-22,flippidot,0.0,0%,100xx,NY,2 years,0.0
3000.0,2007-06-22,digitalkp,594.0,9.07%,114xx,NY,< 1 year,0.0
20000.0,2007-06-22,zu,635.0,9.87%,333xx,FL,3 years,0.0
8500.0,2007-06-22,wxman,702.0,30.19%,735xx,OK,1 year,0.0
1000.0,2007-06-22,andyasstronaut,561.0,21.7%,787xx,TX,3 years,0.0
20000.0,2007-06-22,RexMundi,530.0,0.69%,981xx,WA,4 years,0.0
3500.0,2007-06-23,Kristen811,538.0,13.55%,135xx,NY,7 years,0.0
8000.0,2007-06-23,reveiled,462.0,12.38%,334xx,FL,< 1 year,0.0
9000.0,2007-06-23,insanebeauty222,625.0,2.81%,049xx,ME,< 1 year,0.0
4500.0,2007-06-23,lwilli2480,628.0,15.79%,958xx,CO,10+ years,0.0
1000.0,2007-06-23,audralea,710.0,18.8%,720xx,AR,< 1 year,0.0
25000.0,2007-06-23,wendylou65,565.0,43.25%,453xx,OH,10+ years,0.0
4000.0,2007-06-23,aliciaversteeg,666.0,6.12%,452xx,OH,< 1 year,0.0
20000.0,2007-06-23,iltschi58,549.0,5.2%,201xx,VA,10+ years,0.0
5000.0,2007-06-23,VTNurse,650.0,11%,052xx,VT,2 years,0.0
25000.0,2007-06-24,betsy1120,570.0,22.56%,331xx,FL,2 years,0.0
4000.0,2007-06-24,Forex,657.0,39.55%,773xx,TX,2 years,0.0
11000.0,2007-06-24,personal loan,655.0,2.09%,104xx,NY,10+ years,0.0
7000.0,2007-06-24,clean slate,647.0,30.79%,216xx,MD,10+ years,0.0
4000.0,2007-06-24,prettybaby80,495.0,0%,104xx,NY,7 years,0.0
1400.0,2007-06-24,good person,488.0,8.94%,104xx,NY,9 years,0.0
15000.0,2007-06-24,pap0607,695.0,40.78%,296xx,SC,2 years,0.0
5000.0,2007-06-24,skywater,484.0,6.63%,857xx,AR,8 years,0.0
7500.0,2007-06-24,coffeeman,510.0,3.94%,211xx,MD,6 years,0.0
2000.0,2007-06-24,biblioteach,505.0,1.82%,287xx,NC,10+ years,0.0
20000.0,2007-06-24,DHaywood,543.0,0%,104xx,NY,< 1 year,0.0
9000.0,2007-06-24,mareliz,566.0,38.42%,018xx,MA,< 1 year,0.0
10000.0,2007-06-24,Moanablu,535.0,50.76%,550xx,MN,5 years,0.0
20000.0,2007-06-24,aujosh02,671.0,29.12%,368xx,AL,2 years,0.0
1000.0,2007-06-24,Rockstar,601.0,0%,467xx,IN,1 year,0.0
15000.0,2007-06-24,Choppee,480.0,680.31%,294xx,SC,1 year,0.0
15000.0,2007-06-24,alc1978,534.0,8.58%,917xx,CO,< 1 year,0.0
2000.0,2007-06-24,tammers,535.0,0.75%,285xx,NC,1 year,0.0
15000.0,2007-06-24,Btmason,571.0,23.6%,288xx,NC,< 1 year,0.0
20000.0,2007-06-25,G,609.0,27.72%,881xx,NM,2 years,0.0
13000.0,2007-06-25,terbehr,583.0,45.78%,843xx,UT,10+ years,0.0
25000.0,2007-06-25,evajones,623.0,23.01%,988xx,WA,4 years,0.0
2000.0,2007-06-25,Hismtngrl,527.0,51.73%,806xx,CO,6 years,0.0
20000.0,2007-06-25,singlemom71,596.0,9.96%,717xx,AR,6 years,0.0
5250.0,2007-06-25,musics,701.0,0.26%,180xx,PA,< 1 year,0.0
4000.0,2007-06-25,mfalette,524.0,5.04%,985xx,WA,1 year,0.0
12000.0,2007-06-25,legacy1,533.0,16.77%,370xx,TN,< 1 year,0.0
2500.0,2007-06-25,chappy84,574.0,3.2%,479xx,IN,1 year,0.0
6000.0,2007-06-25,Canisius College,645.0,9.51%,142xx,NY,< 1 year,0.0
5000.0,2007-06-25,Pandora46,606.0,40.88%,216xx,MD,10+ years,0.0
10700.0,2007-06-25,lynniea5,542.0,10.55%,201xx,VA,< 1 year,0.0
3500.0,2007-06-25,InjunNinja,487.0,0%,325xx,FL,1 year,0.0
3000.0,2007-06-25,fix1925,574.0,0%,464xx,IN,10+ years,0.0
6500.0,2007-06-25,cpetryk,533.0,50.4%,074xx,NJ,4 years,0.0
15000.0,2007-06-25,heyteacher,433.0,3.76%,308xx,GA,10+ years,0.0
5000.0,2007-06-25,Andrea Advincula,537.0,47.2%,477xx,IN,3 years,0.0
20000.0,2007-06-25,Skeeter,605.0,0%,847xx,UT,1 year,0.0
18000.0,2007-06-25,magoo69,632.0,33.05%,605xx,IL,10+ years,0.0
5000.0,2007-06-25,Willdukem07,0.0,0%,136xx,NY,10+ years,0.0
5000.0,2007-06-25,dwgallo,600.0,18.22%,088xx,NJ,10+ years,0.0
3500.0,2007-06-25,sharo41,432.0,4.03%,765xx,TX,2 years,0.0
1000.0,2007-06-25,teamgalvan,514.0,11.86%,809xx,CO,2 years,0.0
2500.0,2007-06-26,cebm82,625.0,33.12%,310xx,GA,5 years,0.0
13000.0,2007-06-26,Georgiadawgs45,0.0,0%,305xx,GA,< 1 year,0.0
1000.0,2007-06-26,CrawfordsGirl,493.0,18.84%,551xx,MN,< 1 year,0.0
4000.0,2007-06-26,SUZIEKLIND,537.0,22.95%,557xx,MN,3 years,0.0
4000.0,2007-06-26,semo_train,464.0,100.5%,633xx,MO,< 1 year,0.0
25000.0,2007-06-26,DedMansHnd,651.0,41.79%,765xx,TX,10+ years,0.0
1000.0,2007-06-26,psychnurse05,554.0,9.19%,559xx,MN,4 years,0.0
500.0,2007-06-26,lrod420,617.0,22.64%,660xx,KS,< 1 year,0.0
25000.0,2007-06-26,San_Diego,646.0,7.94%,921xx,CO,1 year,0.0
5500.0,2007-06-27,Kratos,594.0,18.76%,207xx,MD,< 1 year,0.0
4000.0,2007-06-27,ga71,588.0,31.79%,300xx,GA,6 years,0.0
1000.0,2007-06-27,zexzcbnbabe,501.0,10.08%,323xx,FL,< 1 year,0.0
1000.0,2007-06-27,Help rebuild Galveston,,100%,701xx,TX,10+ years,0.0
1000.0,2007-06-27,Phill0046,509.0,1.84%,274xx,NC,< 1 year,0.0
6000.0,2007-06-27,singleteach,485.0,15.23%,805xx,CO,7 years,0.0
1000.0,2007-06-27,billkach,483.0,7.2%,088xx,NJ,< 1 year,0.0
1000.0,2007-06-28,orangeslices,449.0,16.26%,440xx,OH,< 1 year,0.0
20000.0,2007-06-28,I would be using this loan to pay off high interest credit cards and medical bills.,631.0,17.79%,847xx,UT,3 years,0.0
5000.0,2007-06-28,shameless,593.0,24.2%,530xx,WI,10+ years,0.0
2500.0,2007-06-28,roselyn26,545.0,15.18%,967xx,HI,1 year,0.0
3000.0,2007-06-28,Melodyrcr,639.0,56.27%,708xx,LA,2 years,0.0
20000.0,2007-06-29,CallianaThomas,646.0,25.8%,100xx,NY,< 1 year,0.0
3000.0,2007-06-29,samurai,726.0,20400%,089xx,NJ,< 1 year,0.0
1000.0,2007-06-29,dswilliams17,0.0,0%,794xx,TX,< 1 year,0.0
1500.0,2007-06-29,undonefilms,543.0,14.35%,030xx,NH,5 years,0.0
3500.0,2007-06-29,momtojr,661.0,242.83%,281xx,NC,10+ years,0.0
5000.0,2007-06-29,ikrsone12,503.0,3.74%,071xx,NJ,< 1 year,0.0
25000.0,2007-06-29,so1oonnet,727.0,6.69%,210xx,MD,< 1 year,0.0
1200.0,2007-06-30,twinsno1,586.0,3.63%,100xx,NY,< 1 year,0.0
3500.0,2007-06-30,resanchez,525.0,0%,800xx,CO,< 1 year,0.0
1000.0,2007-06-30,bigtrav2207,432.0,414.4%,640xx,MO,< 1 year,0.0
20000.0,2007-06-30,ms,563.0,33.04%,118xx,NY,5 years,0.0
4500.0,2007-06-30,Miss Stephanie,535.0,21.03%,104xx,NY,< 1 year,0.0
10000.0,2007-06-30,Esp-sonia,575.0,0%,331xx,FL,4 years,0.0
8000.0,2007-06-30,Fresh start,504.0,36.68%,487xx,MI,6 years,0.0
1500.0,2007-06-30,cocovanilla,491.0,2.54%,801xx,CO,< 1 year,0.0
1500.0,2007-06-30,suprstrmandie,0.0,14.4%,662xx,KS,2 years,0.0
2500.0,2007-06-30,Veganshero,456.0,88.4%,088xx,NJ,3 years,0.0
2500.0,2007-06-30,meghanneedsyou,544.0,0%,232xx,VA,< 1 year,0.0
15000.0,2007-06-30,malcolmp,592.0,2.37%,100xx,NY,< 1 year,0.0
5000.0,2007-07-01,JBurt0n6,507.0,63.5%,775xx,TX,3 years,0.0
3000.0,2007-07-01,Backon Track,522.0,11.96%,132xx,NY,3 years,0.0
2500.0,2007-07-01,jenjenfrench,609.0,12.5%,775xx,TX,< 1 year,0.0
25000.0,2007-07-01,realestate1,666.0,28.19%,080xx,NJ,10+ years,0.0
5500.0,2007-07-01,rdleathers1386,597.0,0%,303xx,GA,< 1 year,0.0
10000.0,2007-07-01,thenewlight,482.0,73.87%,021xx,MA,< 1 year,0.0
1500.0,2007-07-01,aquinas02,594.0,0%,641xx,MO,< 1 year,0.0
22000.0,2007-07-01,john123,595.0,17.11%,112xx,NY,1 year,0.0
1000.0,2007-07-01,My credit card is charging me 14%,720.0,27.21%,641xx,MO,4 years,0.0
20000.0,2007-07-01,coldspring2000,724.0,19.49%,410xx,KY,3 years,0.0
4000.0,2007-07-01,datboyfine,502.0,6.56%,191xx,PA,1 year,0.0
1000.0,2007-07-01,sardonix,676.0,32.8%,462xx,IN,2 years,0.0
1100.0,2007-07-01,PositiveBlack,504.0,6.78%,327xx,FL,< 1 year,0.0
25000.0,2007-07-01,Saxwoman2,562.0,15.36%,331xx,FL,< 1 year,0.0
8000.0,2007-07-02,"I intend to use this loan to pay off a credit card and most of my overdraft protection, while reducing my monthly payments (if I get my target rate).",727.0,47.63%,146xx,NY,4 years,0.0
6000.0,2007-07-02,lisat041475,499.0,18.91%,190xx,PA,9 years,0.0
5000.0,2007-07-02,sydneyausguy,632.0,13.43%,926xx,CT,< 1 year,0.0
15000.0,2007-07-02,ttallent,621.0,40.73%,379xx,TN,1 year,0.0
25000.0,2007-07-02,lil_wagner,546.0,34.42%,640xx,MO,< 1 year,0.0
3500.0,2007-07-02,softwarez,644.0,48.68%,333xx,FL,2 years,0.0
3000.0,2007-07-02,salman_khan,600.0,2.18%,114xx,NY,1 year,0.0
5000.0,2007-07-02,kcgyrl79,539.0,0%,997xx,AK,< 1 year,0.0
10500.0,2007-07-02,CrimsonApache,467.0,6.95%,366xx,AL,< 1 year,0.0
11000.0,2007-07-02,dseuphoria,453.0,6%,088xx,NJ,< 1 year,0.0
1000.0,2007-07-02,Jrb04k,561.0,8.17%,323xx,FL,1 year,0.0
8000.0,2007-07-03,PhD Student,500.0,38.4%,803xx,CO,5 years,0.0
13000.0,2007-07-03,Tmilhon,595.0,19.95%,322xx,FL,< 1 year,0.0
15000.0,2007-07-03,Taylor20620,519.0,0%,326xx,FL,1 year,0.0
8000.0,2007-07-03,skeevysteve,650.0,4.89%,021xx,MA,< 1 year,0.0
4500.0,2007-07-03,gmonaco21,564.0,14.47%,015xx,MA,< 1 year,0.0
21000.0,2007-07-03,cleancredit,641.0,18.43%,760xx,TX,< 1 year,0.0
15000.0,2007-07-03,angeltorres,492.0,28.95%,322xx,FL,2 years,0.0
5000.0,2007-07-03,mgillispie,424.0,5.36%,714xx,LA,< 1 year,0.0
20000.0,2007-07-03,Help Me Pay Debt and Live Life again!!!,647.0,25.32%,554xx,MN,1 year,0.0
500.0,2007-07-04,dm210,567.0,28.96%,207xx,MD,< 1 year,0.0
4000.0,2007-07-04,kktally,473.0,4.13%,300xx,GA,1 year,0.0
15000.0,2007-07-04,Bud84clt,598.0,12.46%,245xx,VA,7 years,0.0
1000.0,2007-07-04,burdahgirl,607.0,36.42%,303xx,GA,< 1 year,0.0
5000.0,2007-07-04,sonyshox23,492.0,9.19%,802xx,CO,3 years,0.0
925.0,2007-07-04,sdawn07,0.0,13.2%,802xx,CO,< 1 year,0.0
25000.0,2007-07-04,finny311,667.0,45.6%,100xx,NY,1 year,0.0
7500.0,2007-07-04,CSM72,430.0,16.19%,441xx,OH,4 years,0.0
2000.0,2007-07-04,garyhanna,546.0,23.23%,191xx,PA,3 years,0.0
5000.0,2007-07-04,PopStarChic,507.0,23.52%,480xx,MS,< 1 year,0.0
1000.0,2007-07-04,makewild13,469.0,1.32%,778xx,TX,1 year,0.0
10500.0,2007-07-04,farrowm,612.0,32.61%,138xx,NY,1 year,0.0
4000.0,2007-07-05,Mac101,567.0,35.49%,200xx,DC,< 1 year,0.0
4500.0,2007-07-05,Mikri,554.0,4.72%,142xx,NY,5 years,0.0
2500.0,2007-07-05,ypastor,549.0,37.58%,437xx,OH,4 years,0.0
8000.0,2007-07-05,Meems,561.0,6.07%,200xx,DC,< 1 year,0.0
2500.0,2007-07-05,missreese,566.0,19.4%,383xx,TN,10+ years,0.0
5000.0,2007-07-05,newdeal80,592.0,16.33%,681xx,NE,5 years,0.0
4000.0,2007-07-05,mrhe,578.0,0%,021xx,MA,2 years,0.0
2000.0,2007-07-05,weazley,656.0,12%,980xx,WA,2 years,0.0
1500.0,2007-07-06,challenger73,669.0,23.2%,473xx,IN,10+ years,0.0
500.0,2007-07-06,hotelie2011,635.0,1.86%,022xx,MA,< 1 year,0.0
1000.0,2007-07-06,mrscott01,535.0,25.5%,328xx,FL,< 1 year,0.0
1000.0,2007-07-06,felise32,418.0,0%,641xx,MO,< 1 year,0.0
9825.0,2007-07-06,acordars,576.0,14.28%,926xx,CA,2 years,0.0
1000.0,2007-07-06,phlsphrwrt,526.0,0%,531xx,WI,1 year,0.0
5000.0,2007-07-06,jabruzzese,570.0,21.06%,930xx,CA,6 years,0.0
8000.0,2007-07-06,Pomegranate,609.0,27%,402xx,KY,< 1 year,0.0
1000.0,2007-07-07,svbennett20,618.0,266.67%,357xx,AL,< 1 year,0.0
1000.0,2007-07-07,jennbuggisbroke,0.0,0.34%,304xx,GA,< 1 year,0.0
25000.0,2007-07-07,Antgrant27,494.0,13.92%,088xx,NJ,1 year,0.0
15000.0,2007-07-07,dwelters,473.0,8.25%,326xx,FL,7 years,0.0
3000.0,2007-07-07,jake2089,698.0,35.79%,080xx,NJ,< 1 year,0.0
2500.0,2007-07-07,tony1976,574.0,21.17%,300xx,GA,< 1 year,0.0
2500.0,2007-07-07,jamal69,493.0,23.88%,354xx,AL,< 1 year,0.0
1000.0,2007-07-07,BgBoye,454.0,1.98%,190xx,PA,< 1 year,0.0
2000.0,2007-07-07,Krys1019,588.0,0%,076xx,NJ,< 1 year,0.0
1000.0,2007-07-07,stush1021,525.0,0.89%,117xx,NY,< 1 year,0.0
2500.0,2007-07-07,kg05,0.0,0%,330xx,FL,< 1 year,0.0
25000.0,2007-07-07,jmott428,541.0,1.92%,156xx,PA,1 year,0.0
8300.0,2007-07-07,JudithAnn7244,592.0,24.95%,660xx,KS,7 years,0.0
500.0,2007-07-07,kimmy4lsu,469.0,16.37%,708xx,LA,< 1 year,0.0
1000.0,2007-07-07,Summer Semester Help,553.0,8.27%,981xx,WA,< 1 year,0.0
2000.0,2007-07-08,naomicastillo,504.0,0%,606xx,IN,1 year,0.0
10000.0,2007-07-08,carlos_sarmiento,493.0,14.12%,331xx,FL,10+ years,0.0
3500.0,2007-07-08,ladybuggs,492.0,4.54%,750xx,TX,1 year,0.0
5000.0,2007-07-08,caseyj25,512.0,21.68%,806xx,CO,4 years,0.0
6000.0,2007-07-08,youngbizman,606.0,9.94%,374xx,TN,< 1 year,0.0
3000.0,2007-07-08,mom2gjs,565.0,3.25%,664xx,KS,< 1 year,0.0
12000.0,2007-07-08,Robzilla,620.0,2.04%,276xx,NC,3 years,0.0
16000.0,2007-07-08,iluvjesus,440.0,2.48%,301xx,GA,2 years,0.0
5000.0,2007-07-08,andrea1125,454.0,6.38%,339xx,FL,1 year,0.0
5000.0,2007-07-08,treyduffy,483.0,8.04%,537xx,WI,< 1 year,0.0
10000.0,2007-07-09,renornotty,477.0,0%,551xx,MN,< 1 year,0.0
6000.0,2007-07-09,jchristmn,637.0,23.43%,681xx,NE,1 year,0.0
5000.0,2007-07-09,frenchy,496.0,44.17%,326xx,FL,< 1 year,0.0
5000.0,2007-07-09,devon_craig,527.0,12.62%,227xx,VA,1 year,0.0
12000.0,2007-07-09,fbg,429.0,245.63%,708xx,LA,3 years,0.0
20000.0,2007-07-09,studiob,570.0,38.06%,762xx,TX,3 years,0.0
1000.0,2007-07-09,Blckdhliagrl,703.0,0%,727xx,AR,< 1 year,0.0
20000.0,2007-07-10,skiman40,553.0,7.12%,730xx,OK,10+ years,0.0
10000.0,2007-07-10,Richard0716,603.0,43.26%,331xx,FL,4 years,0.0
2500.0,2007-07-10,voteforeric,599.0,0%,841xx,UT,1 year,0.0
3000.0,2007-07-10,Mr.Mesofly,547.0,1.97%,112xx,NY,< 1 year,0.0
1000.0,2007-07-10,big_nour,487.0,16.32%,554xx,MN,1 year,0.0
1000.0,2007-07-10,bluewarrior07,523.0,7.17%,282xx,NC,2 years,0.0
3000.0,2007-07-10,strivingforward,0.0,0%,325xx,FL,< 1 year,0.0
10000.0,2007-07-10,bigredone,480.0,12.17%,439xx,OH,10+ years,0.0
3000.0,2007-07-10,kymberly,510.0,23.96%,054xx,VT,2 years,0.0
3000.0,2007-07-10,welderman,0.0,0%,415xx,KY,1 year,0.0
1000.0,2007-07-10,Twofast4u12,567.0,9.69%,541xx,WI,1 year,0.0
4500.0,2007-07-10,KevinT,482.0,82.38%,282xx,NC,< 1 year,0.0
3500.0,2007-07-11,csh0430,533.0,0%,301xx,GA,10+ years,0.0
2500.0,2007-07-11,rootsrundeep,541.0,0.3%,474xx,IN,< 1 year,0.0
1000.0,2007-07-11,CBear,600.0,14.16%,740xx,OK,< 1 year,0.0
5000.0,2007-07-11,aebennett,530.0,5.2%,741xx,OK,2 years,0.0
4500.0,2007-07-11,dvermulm,623.0,8.02%,681xx,NE,< 1 year,0.0
2500.0,2007-07-11,JEW0831,465.0,0.62%,284xx,NC,< 1 year,0.0
8000.0,2007-07-11,Keyoung,543.0,6.36%,215xx,MD,7 years,0.0
6000.0,2007-07-11,km36,524.0,31.63%,463xx,IN,< 1 year,0.0
5000.0,2007-07-12,patval,549.0,21.49%,451xx,OH,1 year,0.0
15000.0,2007-07-12,Consolidating,639.0,15.76%,958xx,CA,10+ years,0.0
1000.0,2007-07-12,MiMi77,435.0,10.03%,346xx,FL,1 year,0.0
8000.0,2007-07-12,Alex R,610.0,11.47%,100xx,NY,1 year,0.0
5000.0,2007-07-12,Erynnesmom,455.0,28.14%,775xx,TX,8 years,0.0
5000.0,2007-07-12,Jesseandshanon,451.0,32.81%,775xx,TX,10+ years,0.0
10000.0,2007-07-12,Wendigo,472.0,33.05%,537xx,WI,< 1 year,0.0
20000.0,2007-07-12,amaury73,646.0,8.92%,331xx,FL,2 years,0.0
15000.0,2007-07-12,stacyby,519.0,13.76%,100xx,NY,3 years,0.0
2000.0,2007-07-12,max1991,451.0,6.89%,054xx,VT,8 years,0.0
7000.0,2007-07-12,dulcinea2007,471.0,16.22%,330xx,FL,< 1 year,0.0
4500.0,2007-07-13,theteeshirtlady,475.0,2.95%,270xx,NC,1 year,0.0
5000.0,2007-07-13,markf78,644.0,11.77%,226xx,VA,< 1 year,0.0
14000.0,2007-07-13,TopVetTech,607.0,0%,168xx,PA,7 years,0.0
25000.0,2007-07-13,insurance needs capital to relocate /pur,697.0,15.17%,134xx,NY,7 years,0.0
2300.0,2007-07-13,chrissy,448.0,6.24%,481xx,MI,9 years,0.0
1500.0,2007-07-13,avalancheroy33,455.0,9.57%,479xx,IN,< 1 year,0.0
5500.0,2007-07-13,akademiks,0.0,1.34%,072xx,NJ,< 1 year,0.0
2000.0,2007-07-14,jb1552,625.0,18.86%,730xx,OK,4 years,0.0
3500.0,2007-07-14,daniel09,0.0,0.6%,322xx,FL,< 1 year,0.0
8000.0,2007-07-14,jcouch,601.0,10.01%,473xx,IN,3 years,0.0
1000.0,2007-07-14,butcherboy220,609.0,20.19%,334xx,FL,10+ years,0.0
2000.0,2007-07-14,ecs11,592.0,13%,131xx,NY,2 years,0.0
1500.0,2007-07-14,Crystopher,493.0,0%,325xx,FL,< 1 year,0.0
12000.0,2007-07-14,coppert,556.0,4.43%,114xx,NY,10+ years,0.0
4500.0,2007-07-14,medicalgirl1981,604.0,6%,212xx,MD,1 year,0.0
500.0,2007-07-14,joycespowell76,556.0,1.92%,275xx,NC,1 year,0.0
15000.0,2007-07-15,cindercell914,526.0,10.57%,301xx,GA,< 1 year,0.0
3000.0,2007-07-15,AskMatt,651.0,28.42%,980xx,WA,< 1 year,0.0
3000.0,2007-07-15,EduYankee,588.0,24.65%,301xx,GA,< 1 year,0.0
3000.0,2007-07-16,southfloridian,550.0,0%,331xx,FL,1 year,0.0
6000.0,2007-07-16,Coffeelovr5,428.0,11.49%,441xx,OH,< 1 year,0.0
5000.0,2007-07-16,LAO0911,496.0,18.33%,631xx,MO,< 1 year,0.0
8000.0,2007-07-16,wncgirl,623.0,29.57%,287xx,NC,8 years,0.0
15000.0,2007-07-16,Etrader77,637.0,4.14%,434xx,OH,3 years,0.0
15000.0,2007-07-16,KeeperEF,640.0,30.52%,300xx,GA,2 years,0.0
5000.0,2007-07-17,AngelMeagan,473.0,31.45%,685xx,NE,< 1 year,0.0
3000.0,2007-07-17,morgansuzi,417.0,13.47%,282xx,NC,1 year,0.0
2000.0,2007-07-17,Consolidate credit cards,593.0,54.35%,681xx,NE,< 1 year,0.0
5000.0,2007-07-17,whitpop85,455.0,17.44%,477xx,IN,3 years,0.0
25000.0,2007-07-17,cbowman,0.0,0%,402xx,KY,1 year,0.0
12000.0,2007-07-17,joshj0829,554.0,18.65%,193xx,PA,4 years,0.0
2000.0,2007-07-18,$~KING~$,511.0,29.13%,333xx,FL,< 1 year,0.0
7000.0,2007-07-18,streetforce1,482.0,0%,100xx,NY,< 1 year,0.0
3000.0,2007-07-18,Cute N Cuddly Couple Need Moving Help,570.0,18.75%,840xx,UT,< 1 year,0.0
4750.0,2007-07-18,Want to attend college,618.0,5%,024xx,MA,< 1 year,0.0
6000.0,2007-07-18,Expanding21,545.0,0%,112xx,NY,4 years,0.0
2000.0,2007-07-18,Cushie,536.0,10.63%,986xx,WA,1 year,0.0
4000.0,2007-07-18,HELP!!,420.0,5.98%,606xx,IN,< 1 year,0.0
2000.0,2007-07-18,"I'm working on building up my credit and looking to pay a few credit cards off. These interest rates are high, and I'm basically throwing away money every month on monthly fees, membership fees, annual fees, and high interest. Would love to just consolidate, get them paid off once and for all and close the accounts",647.0,19.98%,440xx,OH,1 year,0.0
600.0,2007-07-18,Karen Mae,562.0,2.66%,016xx,MA,1 year,0.0
1000.0,2007-07-18,sachinpatel17,589.0,4.55%,334xx,FL,1 year,0.0
6000.0,2007-07-18,Family Funtime - Used Jetboat Purchase,625.0,7.38%,275xx,NC,10+ years,0.0
7500.0,2007-07-18,Nick67,582.0,8.6%,554xx,MN,< 1 year,0.0
15000.0,2007-07-18,tSchulz,577.0,0.33%,327xx,FL,2 years,0.0
3500.0,2007-07-19,Honeymoon Expense,595.0,0.57%,300xx,GA,1 year,0.0
1500.0,2007-07-19,telcor,615.0,12.65%,770xx,TX,1 year,0.0
13000.0,2007-07-19,jenny88,650.0,14.56%,981xx,WA,10+ years,0.0
25000.0,2007-07-19,ksstormhunter,555.0,24.94%,997xx,AK,10+ years,0.0
4500.0,2007-07-19,debbie812,631.0,10.75%,113xx,NY,10+ years,0.0
15000.0,2007-07-19,juannunes,591.0,14.81%,333xx,FL,2 years,0.0
1400.0,2007-07-19,tallchick25,536.0,0.67%,328xx,FL,1 year,0.0
1500.0,2007-07-19,Donlo,529.0,2.91%,530xx,WI,< 1 year,0.0
2000.0,2007-07-20,rgbrock1,478.0,4.41%,064xx,CT,3 years,0.0
1700.0,2007-07-20,caspian915,455.0,17.67%,112xx,NY,< 1 year,0.0
2000.0,2007-07-20,jawbreaker,646.0,7.25%,748xx,OK,10+ years,0.0
6000.0,2007-07-20,melonee80,546.0,15.66%,227xx,VA,3 years,0.0
20000.0,2007-07-20,keishab912,452.0,25.46%,315xx,GA,3 years,0.0
7500.0,2007-07-20,helpourdaughter,623.0,1.65%,028xx,RI,5 years,0.0
10000.0,2007-07-20,lidarkeyes32,614.0,23.19%,549xx,WI,< 1 year,0.0
7275.0,2007-07-21,Lost with a soul.... ,457.0,2.15%,212xx,MD,3 years,0.0
7500.0,2007-07-21,2Be_Pennywise,400.0,8.16%,212xx,MD,3 years,0.0
500.0,2007-07-21,RBinAK,526.0,21.03%,995xx,AK,< 1 year,0.0
7500.0,2007-07-21,mickisue,546.0,15.41%,551xx,MN,1 year,0.0
10000.0,2007-07-21,joshaccardo,592.0,12.75%,100xx,NY,1 year,0.0
7000.0,2007-07-22,eeyore28,0.0,0%,117xx,NY,1 year,0.0
3000.0,2007-07-22,Iteachkids,594.0,12.86%,201xx,VA,6 years,0.0
5000.0,2007-07-22,msmkharmon,518.0,21.65%,191xx,PA,3 years,0.0
5000.0,2007-07-22,jaysun,632.0,32.96%,206xx,MD,< 1 year,0.0
10000.0,2007-07-22,texasrocks,662.0,29.73%,761xx,TX,1 year,0.0
500.0,2007-07-22,Help Please,535.0,1.1%,088xx,NJ,1 year,0.0
25000.0,2007-07-22,BuckTruck,430.0,11.95%,320xx,FL,1 year,0.0
2500.0,2007-07-22,adevens,506.0,14.53%,532xx,WI,2 years,0.0
10000.0,2007-07-23,tejada00,635.0,14.25%,100xx,NY,2 years,0.0
1000.0,2007-07-23,Animaluva,660.0,85%,334xx,FL,6 years,0.0
2500.0,2007-07-23,wolfbabeusa71,0.0,0%,462xx,IN,< 1 year,0.0
2000.0,2007-07-23,NCcarebear,488.0,14.01%,283xx,NC,2 years,0.0
25000.0,2007-07-23,livewealthy,688.0,22.9%,021xx,MA,1 year,0.0
17000.0,2007-07-23,mimi1011,635.0,74.86%,282xx,NC,1 year,0.0
600.0,2007-07-23,bward07,618.0,14.4%,199xx,DE,< 1 year,0.0
13500.0,2007-07-23,teacher1,668.0,25.25%,233xx,VA,10+ years,0.0
7500.0,2007-07-23,Sm-biz owner seeks loan,,100%,891xx,NV,3 years,0.0
10000.0,2007-07-23,danomar200,689.0,47.56%,330xx,FL,2 years,0.0
25000.0,2007-07-24,tgrphillips,527.0,0%,534xx,WI,2 years,0.0
10000.0,2007-07-24,candela,711.0,34.37%,331xx,FL,1 year,0.0
3500.0,2007-07-24,flutterjenn,518.0,0%,282xx,NC,< 1 year,0.0
1300.0,2007-07-24,"Recently, I took my automobile to the dealership for a routine check-up.  I ended-up paying nearly $1700 to cover all the work that needed to be done.  Since I am fresh out of college, this is probably one of the worse thing that could have happened right now. This loan will allow me to cover all my basis so that I can pay my other expenses while trying to fill the hole that my car trouble have maid in my pocket.  Your help would be greatly appreciated.",632.0,11.39%,303xx,GA,1 year,0.0
7000.0,2007-07-24,ejohnson39154,680.0,9%,391xx,MS,10+ years,0.0
20000.0,2007-07-24,Sasha,591.0,30.67%,479xx,IN,3 years,0.0
3500.0,2007-07-24,vernsan,663.0,63.75%,760xx,TX,1 year,0.0
6000.0,2007-07-25,maria,654.0,57.66%,333xx,FL,1 year,0.0
5000.0,2007-07-25,maciel,601.0,56.4%,333xx,FL,< 1 year,0.0
2000.0,2007-07-25,paying debt,622.0,11.6%,077xx,NJ,< 1 year,0.0
1500.0,2007-07-25,cjustice,507.0,31.61%,755xx,TX,5 years,0.0
3500.0,2007-07-25,tranpir29,460.0,13.21%,082xx,NJ,7 years,0.0
6000.0,2007-07-25,LacyG,484.0,569.27%,200xx,DC,10+ years,0.0
3300.0,2007-07-25,lacydiva,437.0,1.57%,071xx,NJ,1 year,0.0
1000.0,2007-07-25,balik9201,600.0,5.12%,151xx,PA,< 1 year,0.0
3000.0,2007-07-25,tjhummel7,505.0,28.4%,544xx,WI,< 1 year,0.0
7000.0,2007-07-25,I am looking to consolidate high interest rate credit cards into one monthly payment and a set payoff schedule.  This will save me interest and money monthly.,591.0,17.29%,681xx,NE,6 years,0.0
10000.0,2007-07-25,dtslagle,517.0,17.34%,465xx,IN,< 1 year,0.0
3000.0,2007-07-25,FTL_Torgo,433.0,6.09%,342xx,FL,2 years,0.0
1200.0,2007-07-25,college210,544.0,19.95%,282xx,NC,< 1 year,0.0
4100.0,2007-07-26,urban513,509.0,3.23%,088xx,NJ,2 years,0.0
10000.0,2007-07-26,ajax6677,568.0,4.44%,547xx,WI,3 years,0.0
2500.0,2007-07-26,Omahajohn07,632.0,18.62%,681xx,NE,1 year,0.0
10000.0,2007-07-26,PC,535.0,0%,910xx,CO,2 years,0.0
12000.0,2007-07-27,bmxdmx,0.0,0%,112xx,NY,6 years,0.0
3000.0,2007-07-27,Joe,,16.63%,336xx,FL,2 years,0.0
5000.0,2007-07-27,zoebee7001,514.0,43.44%,010xx,MA,1 year,0.0
7500.0,2007-07-27,searching101,554.0,28.45%,541xx,WI,4 years,0.0
25000.0,2007-07-27,rwestmore7,577.0,17.92%,707xx,LA,2 years,0.0
1775.0,2007-07-27,m0e74,547.0,9.95%,020xx,MA,4 years,0.0
12000.0,2007-07-27,mwichmann4,690.0,9.63%,532xx,WI,< 1 year,0.0
5000.0,2007-07-27,MatthewEdwards,705.0,4.2%,750xx,TX,< 1 year,0.0
1000.0,2007-07-27,Sean C.,535.0,2%,983xx,WA,< 1 year,0.0
10000.0,2007-07-28,ErikaAndrea,626.0,26.87%,276xx,NC,1 year,0.0
3500.0,2007-07-28,EricaS,621.0,92.84%,756xx,TX,< 1 year,0.0
3500.0,2007-07-29,ked55,571.0,5.33%,782xx,TX,9 years,0.0
5000.0,2007-07-29,NEED TO pay off LOANS,563.0,10.82%,921xx,CA,1 year,0.0
6000.0,2007-07-29,The purpose of this loan is to take care of my existing tuition balance. Without it I will not be able to register for the upcoming semester of classes. I would need the loan as soon as possible as the school year will be starting in a matter of weeks. It would be a great help. Thank you. ,550.0,3.29%,065xx,CT,< 1 year,0.0
6000.0,2007-07-30,panglin,425.0,0.48%,297xx,SC,10+ years,0.0
5000.0,2007-07-30,dixieboy,466.0,0%,786xx,TX,< 1 year,0.0
4000.0,2007-07-30,kkospender,462.0,0%,285xx,NC,< 1 year,0.0
1500.0,2007-07-30,wmitchell,576.0,3.98%,711xx,LA,1 year,0.0
8000.0,2007-07-30,lafortune96,487.0,31.87%,180xx,PA,2 years,0.0
1550.0,2007-07-30,qunciy_gurl,478.0,7.93%,323xx,FL,< 1 year,0.0
7000.0,2007-07-30,Cleaning up credit and paying off taxes,484.0,13.25%,537xx,WI,< 1 year,0.0
5000.0,2007-07-31,jamphat,628.0,3.9%,201xx,VA,< 1 year,0.0
25000.0,2007-07-31,Great Business Loan,636.0,65.8%,486xx,MI,1 year,0.0
5000.0,2007-07-31,idefygravity81,466.0,1.75%,802xx,CO,3 years,0.0
4800.0,2007-07-31,joecalifornia2002,469.0,15.93%,950xx,CA,1 year,0.0
1000.0,2007-07-31,V-sizzle,680.0,68%,210xx,MD,6 years,0.0
9500.0,2007-07-31,lonesophist,548.0,0%,775xx,TX,2 years,0.0
500.0,2007-07-31,dabigticket31,0.0,0%,374xx,TN,< 1 year,0.0
15000.0,2007-07-31,aceguy,582.0,2.31%,956xx,MN,< 1 year,0.0
500.0,2007-07-31,Trojanman7667,530.0,0%,122xx,NY,1 year,0.0
2500.0,2007-07-31,TXAngel1983,561.0,23.5%,778xx,TX,< 1 year,0.0
25000.0,2007-07-31,Shy256,0.0,0%,357xx,AL,2 years,0.0
500.0,2007-07-31,Ldurfee,492.0,20.16%,257xx,WV,< 1 year,0.0
2200.0,2007-07-31,talktobrent,703.0,27.6%,551xx,MN,2 years,0.0
3750.0,2007-07-31,jaredonline,595.0,3.36%,857xx,AZ,1 year,0.0
3500.0,2007-08-01,JMSpike1875,563.0,7.53%,801xx,CO,1 year,0.0
1200.0,2007-08-01,skcah,557.0,1.71%,296xx,SC,< 1 year,0.0
4925.0,2007-08-01,javatoast,532.0,1.71%,276xx,NC,1 year,0.0
2000.0,2007-08-01,energiemedia,513.0,6.21%,070xx,NJ,< 1 year,0.0
2000.0,2007-08-01,silverferretcu,644.0,22.17%,070xx,NJ,< 1 year,0.0
1000.0,2007-08-01,ryotrellim,636.0,28.56%,875xx,NM,< 1 year,0.0
1500.0,2007-08-01,normlessness,674.0,32.35%,316xx,GA,< 1 year,0.0
500.0,2007-08-01,kodered1984,604.0,45.08%,321xx,FL,1 year,0.0
2000.0,2007-08-01,brokenspoke,440.0,9.08%,417xx,KY,< 1 year,0.0
12500.0,2007-08-02,Bubbasc12,543.0,26.84%,295xx,SC,6 years,0.0
15000.0,2007-08-02,home improvement and security funds,581.0,0%,333xx,FL,9 years,0.0
15000.0,2007-08-02,MattBK,727.0,32.34%,112xx,NY,1 year,0.0
25000.0,2007-08-02,Ken4Christ4ever,702.0,20.62%,852xx,AZ,< 1 year,0.0
5000.0,2007-08-02,Broken Heater/Air Conditioning Units,634.0,22.51%,951xx,CA,< 1 year,0.0
14000.0,2007-08-02,ebrelsford,623.0,13.48%,065xx,CT,1 year,0.0
1600.0,2007-08-02,smochan,427.0,15.74%,150xx,OH,1 year,0.0
1000.0,2007-08-02,JFreeden,495.0,0%,079xx,NJ,5 years,0.0
10000.0,2007-08-02,alexnotov,512.0,0.88%,112xx,NY,1 year,0.0
15000.0,2007-08-03,NicB,639.0,36.53%,852xx,AZ,< 1 year,0.0
22000.0,2007-08-03,searching4u,658.0,41.86%,068xx,CT,10+ years,0.0
8000.0,2007-08-03,darussian12,480.0,618.7%,786xx,TX,< 1 year,0.0
2000.0,2007-08-04,Vjo06,466.0,17.4%,109xx,NY,< 1 year,0.0
16000.0,2007-08-04,lendborrowbhappy,667.0,37.11%,068xx,CT,8 years,0.0
5000.0,2007-08-04,jrw023,476.0,17.28%,100xx,NY,< 1 year,0.0
5000.0,2007-08-04,jrsnifty,493.0,16.58%,023xx,MA,< 1 year,0.0
800.0,2007-08-04,Keyboardman110,0.0,0%,634xx,MO,1 year,0.0
500.0,2007-08-04,Daisan,570.0,0%,234xx,VA,10+ years,0.0
20000.0,2007-08-04,Foxylady,664.0,8.55%,333xx,FL,1 year,0.0
10000.0,2007-08-04,woodcs82,488.0,24.96%,341xx,FL,< 1 year,0.0
25000.0,2007-08-04,janeco,712.0,84.9%,800xx,CO,10+ years,0.0
15000.0,2007-08-05,gopats910,656.0,45.7%,123xx,NY,3 years,0.0
1000.0,2007-08-05,hi i am looking to close,539.0,7.54%,020xx,MA,4 years,0.0
25000.0,2007-08-05,sturzstrom,558.0,19.32%,207xx,MD,2 years,0.0
25000.0,2007-08-05,cranejames,599.0,16.27%,021xx,MA,7 years,0.0
2500.0,2007-08-05,cory2345,624.0,22.8%,330xx,FL,2 years,0.0
10000.0,2007-08-06,justinjscar,569.0,14.28%,432xx,OH,2 years,0.0
20000.0,2007-08-06,creamergc,464.0,16.78%,439xx,OH,10+ years,0.0
5500.0,2007-08-06,imnxdrunk,497.0,4.05%,070xx,NJ,10+ years,0.0
1500.0,2007-08-06,rossdurham,570.0,18.08%,282xx,NC,< 1 year,0.0
6000.0,2007-08-07,PJUDC,648.0,30.45%,200xx,DC,< 1 year,0.0
15000.0,2007-08-07,kari,483.0,32.5%,312xx,GA,< 1 year,0.0
15000.0,2007-08-07,anumoses,525.0,29.32%,605xx,IL,4 years,0.0
7000.0,2007-08-07,anonymous1303,559.0,5.31%,775xx,TX,1 year,0.0
1500.0,2007-08-07,MiMi,520.0,39.12%,300xx,GA,< 1 year,0.0
10000.0,2007-08-07,hnburrell,554.0,36.71%,119xx,NY,3 years,0.0
2500.0,2007-08-07,alienblue2006,0.0,0%,347xx,FL,< 1 year,0.0
5000.0,2007-08-07,ppchildcare,0.0,0%,119xx,NY,3 years,0.0
7500.0,2007-08-08,ecoinsales,529.0,11.87%,530xx,WI,< 1 year,0.0
2000.0,2007-08-08,dasha,577.0,3.59%,365xx,AL,< 1 year,0.0
5000.0,2007-08-08,Dewey,623.0,51.16%,554xx,MN,10+ years,0.0
2000.0,2007-08-08,wade44,533.0,13.83%,234xx,VA,6 years,0.0
2500.0,2007-08-08,Seveneleven13,573.0,15.9%,130xx,NY,2 years,0.0
2000.0,2007-08-08,jgiroux235,565.0,0.87%,850xx,AZ,1 year,0.0
9000.0,2007-08-09,walte123,431.0,0%,232xx,VA,1 year,0.0
20000.0,2007-08-09,swoop70,476.0,2.23%,178xx,OH,9 years,0.0
1000.0,2007-08-09,prkerbny,525.0,33.86%,197xx,DE,8 years,0.0
1000.0,2007-08-09,LanzAustin,627.0,19.28%,786xx,TX,10+ years,0.0
12000.0,2007-08-09,Razorbacks36,570.0,0%,431xx,OH,< 1 year,0.0
2000.0,2007-08-09,KH,556.0,5.85%,554xx,MN,10+ years,0.0
1500.0,2007-08-09,oneals,0.0,0%,350xx,AL,3 years,0.0
5000.0,2007-08-09,videoscan23,634.0,26.36%,337xx,FL,2 years,0.0
1550.0,2007-08-10,Prosper loan,570.0,6.32%,877xx,NM,2 years,0.0
7000.0,2007-08-10,phreakelove,493.0,7.89%,740xx,OK,2 years,0.0
5000.0,2007-08-10,Marvin12,591.0,6.16%,303xx,GA,1 year,0.0
1000.0,2007-08-10,yorkhugo,589.0,0%,372xx,TN,3 years,0.0
17000.0,2007-08-10,pghmatt,616.0,15.84%,150xx,PA,2 years,0.0
1000.0,2007-08-11,deathstr117,427.0,4.76%,532xx,WI,3 years,0.0
20000.0,2007-08-11,jeffratt,622.0,11.16%,115xx,NY,4 years,0.0
8000.0,2007-08-11,MRLN,441.0,10.39%,069xx,CT,< 1 year,0.0
7000.0,2007-08-11,mariale09,582.0,7.68%,333xx,FL,2 years,0.0
7000.0,2007-08-11,Machado,609.0,0.55%,333xx,FL,2 years,0.0
10000.0,2007-08-11,MTM21o83,500.0,146.4%,782xx,TX,< 1 year,0.0
1000.0,2007-08-11,Need Helping Hand,614.0,3.16%,024xx,MA,1 year,0.0
20000.0,2007-08-12,JMG3313,449.0,13.94%,606xx,IN,2 years,0.0
5000.0,2007-08-12,papamac,544.0,5.4%,339xx,FL,9 years,0.0
1000.0,2007-08-12,Songshand,650.0,4.56%,850xx,AZ,< 1 year,0.0
23000.0,2007-08-12,tdb44,658.0,59.25%,553xx,MN,5 years,0.0
1500.0,2007-08-12,k-alex-52,511.0,0.41%,681xx,NE,3 years,0.0
10000.0,2007-08-12,bblboy54,596.0,7.71%,226xx,VA,2 years,0.0
5000.0,2007-08-12,eggfinder,595.0,5.49%,474xx,IN,3 years,0.0
1000.0,2007-08-12,burningbend,582.0,9999%,236xx,VA,< 1 year,0.0
3000.0,2007-08-12,Paying off credit cards/merging consumer,608.0,15.03%,462xx,IN,1 year,0.0
8500.0,2007-08-12,xellz,420.0,260.28%,712xx,LA,8 years,0.0
5500.0,2007-08-12,urbanphoenyx,600.0,17.97%,100xx,NY,1 year,0.0
2000.0,2007-08-13,Entoaggie09,634.0,0%,778xx,TX,1 year,0.0
25000.0,2007-08-13,jim0120,592.0,19.16%,342xx,FL,4 years,0.0
3000.0,2007-08-13,tbrackett,466.0,36.83%,352xx,AL,3 years,0.0
10000.0,2007-08-13,jake,631.0,25.48%,401xx,KY,6 years,0.0
10000.0,2007-08-13,ajstewart19,611.0,25.15%,301xx,GA,1 year,0.0
20000.0,2007-08-13,delosomedia,586.0,10.5%,275xx,NC,< 1 year,0.0
20000.0,2007-08-13,Mardayna,634.0,9.51%,986xx,WA,1 year,0.0
5000.0,2007-08-13,tsmithee2003,661.0,30.96%,726xx,AR,1 year,0.0
1500.0,2007-08-13,Tluu,658.0,100%,787xx,TX,< 1 year,0.0
4000.0,2007-08-13,nemequittepas,511.0,14.87%,292xx,SC,4 years,0.0
5000.0,2007-08-14,footballfan61,477.0,22.62%,638xx,MO,10+ years,0.0
7000.0,2007-08-14,workaholic39,642.0,16.65%,112xx,NY,3 years,0.0
2000.0,2007-08-14,maladyky,477.0,25.38%,417xx,KY,1 year,0.0
500.0,2007-08-14,cilver18,523.0,372%,300xx,GA,< 1 year,0.0
6000.0,2007-08-14,william.alvarez,0.0,0%,070xx,NJ,2 years,0.0
6000.0,2007-08-14,larryjburns,525.0,8.16%,720xx,AR,3 years,0.0
4000.0,2007-08-14,mrkblack,547.0,7.34%,302xx,GA,1 year,0.0
11000.0,2007-08-14,Parrabe21,431.0,685.09%,327xx,FL,< 1 year,0.0
1500.0,2007-08-14,Pay off Tax Debt & Consolidate CCs,541.0,15.4%,841xx,UT,6 years,0.0
1500.0,2007-08-14,Simply_Beautiful,460.0,2.4%,301xx,GA,< 1 year,0.0
500.0,2007-08-14,msteckler,591.0,0%,980xx,WA,2 years,0.0
500.0,2007-08-14,2001eagle,522.0,11.22%,766xx,TX,3 years,0.0
18000.0,2007-08-15,sfg,671.0,44.83%,441xx,OH,10+ years,0.0
10000.0,2007-08-15,AndyInAtlanta,543.0,19.45%,300xx,GA,< 1 year,0.0
2525.0,2007-08-15,Bandeno,496.0,10.27%,300xx,GA,8 years,0.0
20000.0,2007-08-15,Personal Consolidation,698.0,15%,100xx,NY,< 1 year,0.0
9000.0,2007-08-15,chronicole,554.0,9.21%,972xx,WA,1 year,0.0
6500.0,2007-08-15,mandmboysfan,715.0,16.57%,554xx,MN,3 years,0.0
750.0,2007-08-16,Morgansgirl23,611.0,2.4%,442xx,OH,4 years,0.0
5000.0,2007-08-16,michaels,559.0,50.19%,280xx,NC,5 years,0.0
12000.0,2007-08-16,Emergency Loan Needed,0.0,2.57%,774xx,TX,< 1 year,0.0
25000.0,2007-08-16,thyui,686.0,3012%,941xx,CA,< 1 year,0.0
10000.0,2007-08-16,clvarney,539.0,1.61%,253xx,WV,< 1 year,0.0
3000.0,2007-08-16,pizzaman,591.0,19.77%,653xx,MO,4 years,0.0
20000.0,2007-08-16,baxjohn,508.0,0%,125xx,NY,< 1 year,0.0
6000.0,2007-08-16,lucy_goosey,618.0,0.43%,981xx,WA,< 1 year,0.0
13000.0,2007-08-17,msziva,431.0,19.69%,173xx,MD,10+ years,0.0
9000.0,2007-08-17,Short term secured loa,455.0,0.9%,980xx,WA,1 year,0.0
5000.0,2007-08-17,Need funds for mortgage modification!,515.0,9.93%,770xx,TX,< 1 year,0.0
25000.0,2007-08-17,Irish45,622.0,16.53%,027xx,MA,8 years,0.0
1000.0,2007-08-17,cmjasonl04101,495.0,5.04%,041xx,ME,2 years,0.0
5000.0,2007-08-17,kentrell2006,458.0,4%,300xx,GA,3 years,0.0
7500.0,2007-08-17,mcs119,570.0,8%,391xx,MS,3 years,0.0
25000.0,2007-08-17,M_Designs,469.0,13.95%,331xx,FL,< 1 year,0.0
2000.0,2007-08-18,BGenious,598.0,25.11%,276xx,NC,9 years,0.0
500.0,2007-08-18,sanjeet,512.0,11.28%,660xx,KS,< 1 year,0.0
15000.0,2007-08-18,QuirkyMolina,490.0,10.97%,770xx,TX,< 1 year,0.0
5000.0,2007-08-18,ready4achange,549.0,17.05%,326xx,FL,4 years,0.0
950.0,2007-08-18,VolatileAtom,461.0,9.37%,331xx,FL,3 years,0.0
1000.0,2007-08-19,Refinance Credit Cards For a Better Rate,610.0,27.78%,750xx,TX,4 years,0.0
16225.0,2007-08-19,marthahuckabay,659.0,18%,700xx,LA,3 years,0.0
500.0,2007-08-20,Help Fund For Education,589.0,12.26%,088xx,NJ,1 year,0.0
5000.0,2007-08-20,Kojo,0.0,2.4%,404xx,KY,1 year,0.0
15000.0,2007-08-20,mr_postman,564.0,6.25%,921xx,CA,2 years,0.0
5500.0,2007-08-20,raiderpmd1,623.0,8.72%,334xx,FL,10+ years,0.0
13000.0,2007-08-21,cwvwmwcw,542.0,25.17%,773xx,TX,< 1 year,0.0
12000.0,2007-08-21,vwcwmwcw,538.0,38.17%,773xx,TX,2 years,0.0
4000.0,2007-08-21,smellein,508.0,25.5%,852xx,AZ,< 1 year,0.0
5000.0,2007-08-21,acooper2,533.0,10.82%,700xx,LA,1 year,0.0
7500.0,2007-08-21,corpsman84,582.0,6.3%,214xx,MD,< 1 year,0.0
8000.0,2007-08-21,itakedablame,544.0,9.38%,112xx,NY,< 1 year,0.0
2000.0,2007-08-21,Amanda_J_04,480.0,0%,646xx,MO,< 1 year,0.0
4000.0,2007-08-21,yroseb,589.0,4.78%,209xx,MD,5 years,0.0
6000.0,2007-08-21,crazygirl,483.0,4.08%,802xx,CO,1 year,0.0
25000.0,2007-08-22,syrenia,604.0,23.94%,225xx,VA,< 1 year,0.0
7500.0,2007-08-22,Saleysmom,449.0,14.78%,496xx,MN,6 years,0.0
2700.0,2007-08-22,buttercup-1970,526.0,31.69%,731xx,OK,6 years,0.0
2500.0,2007-08-22,king5six1,442.0,12.56%,334xx,FL,1 year,0.0
500.0,2007-08-22,redarrow,670.0,63600%,553xx,MN,2 years,0.0
5000.0,2007-08-22,coalpha,578.0,13.92%,802xx,CO,1 year,0.0
700.0,2007-08-23,lilstuff28,410.0,9.63%,760xx,TX,< 1 year,0.0
25000.0,2007-08-23,Selley,625.0,3.16%,600xx,WI,10+ years,0.0
5000.0,2007-08-23,MikeStrock,650.0,20.95%,980xx,WA,5 years,0.0
3000.0,2007-08-23,nruizar,553.0,41.71%,331xx,FL,2 years,0.0
5000.0,2007-08-23,oucutiern,419.0,13.76%,741xx,OK,1 year,0.0
5000.0,2007-08-23,superkicker,475.0,34.75%,975xx,OH,< 1 year,0.0
3000.0,2007-08-23,Need to payoff high interest payday loan,542.0,0.85%,891xx,NV,2 years,0.0
9000.0,2007-08-23,Puppy_Hershey,650.0,52.98%,852xx,AZ,< 1 year,0.0
22300.0,2007-08-23,castlwizz,629.0,37.05%,952xx,CA,< 1 year,0.0
5000.0,2007-08-23,k-bro,583.0,0.52%,847xx,UT,1 year,0.0
25000.0,2007-08-24,ProudMarineProudPapa,613.0,2.74%,853xx,AZ,3 years,0.0
2000.0,2007-08-24,clarigem,501.0,0%,100xx,NY,< 1 year,0.0
8700.0,2007-08-24,consolidate debt,682.0,52.95%,712xx,LA,4 years,0.0
5000.0,2007-08-24,AaronHansen,460.0,4.72%,121xx,NY,1 year,0.0
25000.0,2007-08-24,Mycstro,498.0,0%,076xx,NJ,< 1 year,0.0
5000.0,2007-08-24,credittest,700.0,25%,100xx,NY,< 1 year,0.0
1000.0,2007-08-24,digix010,516.0,18.18%,535xx,WI,2 years,0.0
12500.0,2007-08-24,fpres1079,517.0,19.02%,708xx,LA,1 year,0.0
25000.0,2007-08-25,czar2k4ever,425.0,16.54%,354xx,AL,2 years,0.0
10000.0,2007-08-25,silvia,495.0,7.1%,333xx,FL,1 year,0.0
1500.0,2007-08-25,whitedove40,578.0,2.5%,265xx,WV,1 year,0.0
25000.0,2007-08-25,Fester5,700.0,33%,530xx,WI,5 years,0.0
2000.0,2007-08-25,Kyguy,510.0,16.66%,400xx,KY,4 years,0.0
1500.0,2007-08-26,freebird72,550.0,0%,265xx,WV,< 1 year,0.0
5000.0,2007-08-26,jc,613.0,27.31%,331xx,FL,10+ years,0.0
10000.0,2007-08-26,rara07,650.0,47.02%,100xx,NY,< 1 year,0.0
5000.0,2007-08-26,KBroad01,574.0,2.38%,740xx,OK,10+ years,0.0
3000.0,2007-08-27,cardiostudent,578.0,26.74%,329xx,FL,< 1 year,0.0
8000.0,2007-08-27,naturefreak715,648.0,25.92%,089xx,NJ,< 1 year,0.0
2000.0,2007-08-27,Sharellybme,605.0,30.6%,065xx,CT,2 years,0.0
10000.0,2007-08-27,woushe23,528.0,0%,115xx,NY,2 years,0.0
5000.0,2007-08-27,harlemshunny89,0.0,1.26%,100xx,NY,3 years,0.0
4000.0,2007-08-27,cssp1000,558.0,12.72%,346xx,FL,< 1 year,0.0
4000.0,2007-08-27,Trying to pay off credit cards and pay you rather than pay the high interest to the credit lenders,653.0,0%,021xx,MA,1 year,0.0
10000.0,2007-08-28,rosie66,581.0,4.14%,302xx,GA,3 years,0.0
16200.0,2007-08-28,mdbia,577.0,0%,302xx,GA,< 1 year,0.0
3000.0,2007-08-28,mrfriggz,522.0,0%,850xx,AZ,3 years,0.0
25000.0,2007-08-28,bobershaw,502.0,56.61%,840xx,UT,2 years,0.0
25000.0,2007-08-28,PhoenixFawkes,579.0,24.31%,441xx,OH,3 years,0.0
500.0,2007-08-28,Omgitsjoe89,0.0,0%,125xx,NY,< 1 year,0.0
1500.0,2007-08-28,hakunamachada,527.0,112%,741xx,OK,< 1 year,0.0
2700.0,2007-08-28,kcguy,552.0,11.69%,641xx,MO,1 year,0.0
2000.0,2007-08-28,umkchell,453.0,41.57%,641xx,MO,< 1 year,0.0
18000.0,2007-08-28,pqwest76,492.0,12.38%,201xx,VA,< 1 year,0.0
2475.0,2007-08-28,missinprophet101,487.0,10%,021xx,MA,< 1 year,0.0
3000.0,2007-08-28,jgordon,431.0,0%,328xx,FL,< 1 year,0.0
20000.0,2007-08-28,GraduatingSoon,582.0,46.98%,351xx,AL,4 years,0.0
5000.0,2007-08-28,EndertJW,457.0,1.02%,489xx,MI,1 year,0.0
7000.0,2007-08-28,chirn9980,637.0,44.4%,450xx,OH,8 years,0.0
800.0,2007-08-28,kdeveres,511.0,444%,672xx,KS,< 1 year,0.0
6000.0,2007-08-28,lhowell286,478.0,8.56%,104xx,NY,2 years,0.0
5000.0,2007-08-29,nodnarb100,553.0,25.95%,105xx,NY,4 years,0.0
20000.0,2007-08-29,jasonw4,517.0,18.17%,554xx,MN,2 years,0.0
3000.0,2007-08-29,jjrene,493.0,28.24%,023xx,MA,1 year,0.0
3000.0,2007-08-29,Liberty ST,626.0,2.56%,104xx,NY,1 year,0.0
25000.0,2007-08-29,robin,670.0,17.64%,333xx,FL,< 1 year,0.0
1000.0,2007-08-29,Judy,664.0,0.44%,068xx,CT,10+ years,0.0
25000.0,2007-08-30,swolff,503.0,71.27%,407xx,KY,2 years,0.0
1000.0,2007-08-30,richkid,659.0,16.19%,361xx,AL,6 years,0.0
7000.0,2007-08-30,katmill,507.0,23.13%,853xx,AZ,5 years,0.0
4500.0,2007-08-30,golden_girl5,496.0,0%,232xx,VA,1 year,0.0
2600.0,2007-08-30,leovarg_67,576.0,14.88%,333xx,FL,< 1 year,0.0
2400.0,2007-08-31,rickz,569.0,22.17%,199xx,DE,9 years,0.0
3000.0,2007-08-31,singlemom21,504.0,5.45%,104xx,NY,< 1 year,0.0
25000.0,2007-08-31,ivanjose,605.0,21.11%,333xx,FL,10+ years,0.0
5000.0,2007-08-31,papichulo476,661.0,25.2%,088xx,NJ,2 years,0.0
25000.0,2007-08-31,BrinzeGoddess,664.0,27.38%,109xx,NY,2 years,0.0
4300.0,2007-08-31,digitalpariah,604.0,7.06%,444xx,OH,< 1 year,0.0
5000.0,2007-09-01,Viper,536.0,1.09%,687xx,NE,1 year,0.0
3000.0,2007-09-01,farleynyc,598.0,8.84%,070xx,NJ,< 1 year,0.0
10000.0,2007-09-01,eaglenest90,611.0,42.15%,083xx,NJ,< 1 year,0.0
6000.0,2007-09-01,FedeX,568.0,17.33%,330xx,FL,5 years,0.0
7500.0,2007-09-01,kegmar,503.0,6.24%,122xx,NY,3 years,0.0
2000.0,2007-09-02,sabrena555,532.0,25.24%,950xx,CO,5 years,0.0
5000.0,2007-09-02,mrod777,558.0,105.43%,950xx,CO,5 years,0.0
20000.0,2007-09-02,michael,560.0,35.91%,140xx,NY,< 1 year,0.0
15000.0,2007-09-02,Alex Priel,582.0,7.6%,440xx,OH,2 years,0.0
5000.0,2007-09-03,dalton,506.0,21.65%,631xx,MO,< 1 year,0.0
9000.0,2007-09-03,dmorris,627.0,51.1%,551xx,MN,< 1 year,0.0
1000.0,2007-09-03,A Grand For A Plan,579.0,10.8%,498xx,MI,3 years,0.0
3500.0,2007-09-04,laphelle,556.0,20.32%,292xx,SC,2 years,0.0
8000.0,2007-09-04,secure216,468.0,19.73%,481xx,MS,1 year,0.0
2500.0,2007-09-04,Kibure,536.0,12.07%,305xx,GA,< 1 year,0.0
10000.0,2007-09-04,skierpro,628.0,17.76%,144xx,NY,< 1 year,0.0
1250.0,2007-09-04,abjones626,485.0,324%,647xx,MO,2 years,0.0
10000.0,2007-09-04,help me refinance ,683.0,28.77%,191xx,PA,1 year,0.0
17000.0,2007-09-04,sassylassy,483.0,16.8%,740xx,OK,2 years,0.0
1450.0,2007-09-04,fltmaiden,489.0,16.59%,907xx,CO,10+ years,0.0
1850.0,2007-09-05,ejschoster,541.0,31%,532xx,WI,< 1 year,0.0
1000.0,2007-09-05,tb42,712.0,12.87%,841xx,UT,5 years,0.0
8500.0,2007-09-05,Jenna9986,658.0,2.84%,233xx,VA,< 1 year,0.0
2000.0,2007-09-05,blightymouse,612.0,4.58%,776xx,TX,10+ years,0.0
10000.0,2007-09-05,sherloch,570.0,0%,786xx,TX,2 years,0.0
500.0,2007-09-06,vbor72,472.0,9.65%,339xx,FL,1 year,0.0
500.0,2007-09-06,aka_mom3,434.0,16.1%,461xx,IN,4 years,0.0
2000.0,2007-09-06,chijackie6,610.0,26.71%,442xx,OH,< 1 year,0.0
1500.0,2007-09-06,Joshua Harwood,695.0,30.3%,852xx,AZ,3 years,0.0
25000.0,2007-09-06,chawk,724.0,0%,637xx,MO,< 1 year,0.0
4000.0,2007-09-06,nubeea,541.0,16.3%,850xx,AZ,< 1 year,0.0
5000.0,2007-09-06,ellc1234,552.0,0.61%,981xx,WA,3 years,0.0
3500.0,2007-09-06,eone865,582.0,9.21%,100xx,NY,< 1 year,0.0
10000.0,2007-09-07,Have experiance need the money,580.0,2.3%,296xx,SC,1 year,0.0
2000.0,2007-09-07,Catching Up On Expenses,415.0,2.4%,112xx,NY,9 years,0.0
10000.0,2007-09-07,"lsldldk doinfn ,fnopsd",640.0,41.66%,038xx,NH,< 1 year,0.0
11500.0,2007-09-07,Tall Scott,535.0,1%,038xx,NH,1 year,0.0
5000.0,2007-09-07,Woody6165,562.0,25.89%,275xx,NC,2 years,0.0
10000.0,2007-09-07,twchorses,626.0,31.04%,746xx,OK,4 years,0.0
15000.0,2007-09-07,cali555,450.0,16.75%,917xx,AZ,1 year,0.0
9000.0,2007-09-07,LizardKing,470.0,4.35%,140xx,NY,5 years,0.0
5000.0,2007-09-07,Unsecured personal loan,684.0,0.39%,112xx,NY,8 years,0.0
3000.0,2007-09-07,Jonathan,594.0,0%,331xx,FL,< 1 year,0.0
8500.0,2007-09-08,kim9294,511.0,101.5%,483xx,MA,7 years,0.0
3000.0,2007-09-08,"I am a college student at DeVry University in my last year. I would like to pay off my credit card debt I have accumulated while in college to improve my credit score and make life easier by only having one payment every month. I have never missed a payment. I do not have any other debt of any kind. Tuition, room, and board are being paid for me.  I do not have any expenses besides credit card payments and miscellaneous small items.  My current monthly budget is as follows:  Credit card payments: $120 Miscellaneous expenses: $80 Total: $200 Income: $600 Free cash flow: $400 ",630.0,22.08%,750xx,TX,< 1 year,0.0
3000.0,2007-09-08,honeygirl,575.0,0.93%,606xx,IN,3 years,0.0
15400.0,2007-09-08,olind111,547.0,31.28%,974xx,OH,4 years,0.0
6000.0,2007-09-08,iacableguy,412.0,0.56%,550xx,MN,< 1 year,0.0
2000.0,2007-09-08,sonicsareus,420.0,10.39%,633xx,MO,3 years,0.0
3000.0,2007-09-08,jme621,592.0,17.03%,675xx,KS,1 year,0.0
7000.0,2007-09-08,"Paying off Prosper, building website",666.0,25%,660xx,KS,< 1 year,0.0
3800.0,2007-09-08,saras129,653.0,25%,087xx,NJ,< 1 year,0.0
25000.0,2007-09-09,rd11,629.0,277.66%,985xx,WA,6 years,0.0
2000.0,2007-09-09,havok410,587.0,7.97%,100xx,NY,1 year,0.0
8000.0,2007-09-10,jplcrum,540.0,9.06%,100xx,NY,< 1 year,0.0
5000.0,2007-09-10,robb1278,613.0,28.7%,435xx,OH,1 year,0.0
10000.0,2007-09-10,ggatt,442.0,13.94%,782xx,TX,3 years,0.0
7000.0,2007-09-10,FreeFreekey,476.0,2.78%,276xx,NC,1 year,0.0
4000.0,2007-09-10,New Carpet for Our Home,488.0,0%,760xx,TX,< 1 year,0.0
2500.0,2007-09-11,ernpet,576.0,1.68%,352xx,AL,2 years,0.0
4200.0,2007-09-11,Texasgirl67,633.0,24.53%,752xx,TX,< 1 year,0.0
1500.0,2007-09-11,xkidace,0.0,0.46%,105xx,NY,3 years,0.0
10000.0,2007-09-11,bzazab4,597.0,2.29%,239xx,VA,2 years,0.0
4200.0,2007-09-11,ttranx2,611.0,23.07%,752xx,TX,< 1 year,0.0
7200.0,2007-09-12,Personal Loan,686.0,24.98%,146xx,NY,< 1 year,0.0
3000.0,2007-09-12,MissLady85,581.0,16.76%,207xx,MD,3 years,0.0
600.0,2007-09-12,personal,658.0,0%,350xx,AL,< 1 year,0.0
5000.0,2007-09-12,brady969,561.0,13.49%,224xx,VA,< 1 year,0.0
1500.0,2007-09-12,Mghtymse247,640.0,3%,060xx,CT,2 years,0.0
6250.0,2007-09-12,kcalvillo,492.0,0%,840xx,UT,6 years,0.0
1000.0,2007-09-12,gr8dancer_05,389.0,3.45%,668xx,KS,< 1 year,0.0
2000.0,2007-09-12,Patricia Olivares,584.0,13.23%,799xx,TX,9 years,0.0
10000.0,2007-09-12,seasterday,585.0,23.89%,461xx,IN,3 years,0.0
500.0,2007-09-13,letitbe,532.0,8.59%,982xx,WA,< 1 year,0.0
9000.0,2007-09-13,lavisle,701.0,27.46%,337xx,FL,5 years,0.0
4500.0,2007-09-13,Joseph.mcintosh,0.0,0%,806xx,CO,3 years,0.0
5500.0,2007-09-13,yngpros,530.0,19.49%,112xx,NY,10+ years,0.0
15000.0,2007-09-13,Patt,644.0,65.2%,283xx,NC,1 year,0.0
4000.0,2007-09-13,kylebragger,495.0,0.32%,112xx,NY,2 years,0.0
25000.0,2007-09-13,nomad,673.0,23.46%,194xx,PA,1 year,0.0
1500.0,2007-09-13,cnoduah,533.0,33.03%,303xx,GA,1 year,0.0
1000.0,2007-09-13,jeffignacio,623.0,7.09%,900xx,CO,< 1 year,0.0
500.0,2007-09-13,writer,511.0,11.34%,024xx,MA,7 years,0.0
2000.0,2007-09-13,jmoore2200,479.0,1.84%,622xx,CO,2 years,0.0
15000.0,2007-09-13,TODDMAY2007,586.0,1.23%,773xx,TX,10+ years,0.0
6000.0,2007-09-13,"my debts are as follows-credit card -$5,000, credit card $1030,00, auto loan balance 1500.00, trs loan $5,000, student loan 3,000, and to help my kids with their expenses for college and their debt.  any other information i would be glad to provide. ",667.0,35.35%,770xx,TX,10+ years,0.0
25000.0,2007-09-13,micsay,703.0,1.63%,032xx,NH,1 year,0.0
1500.0,2007-09-13,j6594g,468.0,51.36%,135xx,NY,1 year,0.0
2000.0,2007-09-13,dobied,583.0,18.22%,327xx,FL,5 years,0.0
6700.0,2007-09-13,pdloan2007,532.0,0%,070xx,NJ,1 year,0.0
25000.0,2007-09-13,gabieee,576.0,21.04%,330xx,FL,4 years,0.0
20000.0,2007-09-13,Mike Paul,565.0,64.91%,427xx,KY,4 years,0.0
7000.0,2007-09-13,muffin235,534.0,64.8%,011xx,MA,7 years,0.0
23000.0,2007-09-13,Debt consolidation,717.0,19.09%,801xx,CO,1 year,0.0
500.0,2007-09-13,cowboynfla,0.0,0%,349xx,FL,1 year,0.0
5000.0,2007-09-13,JayR036,621.0,29.55%,070xx,NJ,2 years,0.0
7500.0,2007-09-13,stevethiel,632.0,0.57%,802xx,CO,3 years,0.0
500.0,2007-09-14,amarino,769.0,0.82%,100xx,NY,< 1 year,0.0
3500.0,2007-09-14,allenkool,572.0,21.07%,782xx,TX,< 1 year,0.0
5000.0,2007-09-14,Phillychick,490.0,9.2%,100xx,NY,2 years,0.0
500.0,2007-09-14,geralddean,536.0,10.46%,112xx,NY,< 1 year,0.0
3500.0,2007-09-14,bratcia16,462.0,18.89%,465xx,IN,5 years,0.0
6000.0,2007-09-14,medicblues,464.0,18.25%,667xx,KS,3 years,0.0
25000.0,2007-09-14,anzio,706.0,35.62%,750xx,TX,< 1 year,0.0
17500.0,2007-09-14,consolidate and be cc debt free,676.0,61.35%,441xx,OH,10+ years,0.0
1500.0,2007-09-14,wt1000,584.0,16.5%,460xx,IN,2 years,0.0
10000.0,2007-09-14,smknflams,592.0,23.24%,216xx,MD,5 years,0.0
6500.0,2007-09-14,taishap1211,412.0,282.6%,060xx,CT,< 1 year,0.0
25000.0,2007-09-14,rohitgmathew,576.0,15.58%,980xx,WA,2 years,0.0
4000.0,2007-09-14,bigjohn,440.0,8.11%,633xx,MO,1 year,0.0
3000.0,2007-09-14,tsouth,700.0,25.18%,333xx,FL,< 1 year,0.0
5000.0,2007-09-14,Evie,511.0,8.99%,436xx,OH,4 years,0.0
5000.0,2007-09-14,Fred,516.0,4.47%,436xx,OH,4 years,0.0
1000.0,2007-09-14,Floridagal62,0.0,0%,327xx,FL,8 years,0.0
7500.0,2007-09-14,strykerhouse,0.0,0%,967xx,HI,10+ years,0.0
15000.0,2007-09-14,princessgrace,496.0,12.75%,060xx,CT,< 1 year,0.0
500.0,2007-09-14,yeremeyv,494.0,13.36%,235xx,VA,< 1 year,0.0
800.0,2007-09-14,tadams12,607.0,24.25%,981xx,WA,< 1 year,0.0
10000.0,2007-09-14,TXGuy,625.0,43.52%,770xx,TX,< 1 year,0.0
10000.0,2007-09-15,CUPCAKE1,501.0,6.61%,115xx,NY,9 years,0.0
2000.0,2007-09-15,bender,515.0,1.84%,115xx,NY,< 1 year,0.0
25000.0,2007-09-15,russandjackie,531.0,22.71%,302xx,GA,< 1 year,0.0
10000.0,2007-09-15,onelou238,447.0,122.1%,323xx,FL,< 1 year,0.0
1000.0,2007-09-15,alydarinc,442.0,0.96%,951xx,CO,1 year,0.0
5000.0,2007-09-15,mama,588.0,4.47%,841xx,UT,1 year,0.0
7000.0,2007-09-15,karate_crimson,655.0,0%,923xx,AZ,< 1 year,0.0
1500.0,2007-09-16,debhad,586.0,18.03%,302xx,GA,10+ years,0.0
3500.0,2007-09-16,RVelaz,638.0,17.51%,075xx,NJ,2 years,0.0
12500.0,2007-09-16,pixe13,657.0,0.47%,787xx,TX,2 years,0.0
25000.0,2007-09-16,ca_da_hawka,0.0,0%,840xx,UT,< 1 year,0.0
3000.0,2007-09-16,JGR,688.0,25.73%,333xx,FL,10+ years,0.0
10000.0,2007-09-16,TES,469.0,24.42%,640xx,MO,10+ years,0.0
12000.0,2007-09-16,kristina1979,407.0,13.64%,564xx,MN,2 years,0.0
8000.0,2007-09-16,Quasi,682.0,30.35%,235xx,VA,1 year,0.0
7000.0,2007-09-16,Nafi,536.0,1.89%,104xx,NY,8 years,0.0
6000.0,2007-09-16,PaulaJoFair,604.0,11.92%,325xx,FL,10+ years,0.0
1600.0,2007-09-16,onemorerep315,551.0,14.33%,229xx,VA,< 1 year,0.0
5000.0,2007-09-16,busymommy,522.0,73%,298xx,SC,2 years,0.0
5000.0,2007-09-16,romanglad,532.0,53.13%,468xx,IN,1 year,0.0
500.0,2007-09-16,mom100,497.0,0%,147xx,NY,4 years,0.0
10000.0,2007-09-16,BackonTrack,553.0,13.78%,765xx,TX,2 years,0.0
3800.0,2007-09-16,canvasd,572.0,0.46%,019xx,MA,2 years,0.0
2500.0,2007-09-17,cjsavannah,510.0,2.13%,323xx,FL,7 years,0.0
25000.0,2007-09-17,owljmd,628.0,27.06%,785xx,TX,8 years,0.0
5000.0,2007-09-17,Greg,700.0,41.96%,321xx,FL,7 years,0.0
12500.0,2007-09-17,mvig12,565.0,73.83%,453xx,OH,7 years,0.0
10000.0,2007-09-17,loser1682,634.0,26.88%,531xx,WI,1 year,0.0
4500.0,2007-09-17,G35Driver,650.0,33.36%,282xx,NC,< 1 year,0.0
3500.0,2007-09-17,ds997,584.0,41.3%,630xx,MO,10+ years,0.0
5000.0,2007-09-17,psikic72032,625.0,11.71%,720xx,AR,3 years,0.0
3000.0,2007-09-17,Maurice43,466.0,31.62%,301xx,GA,1 year,0.0
7500.0,2007-09-17,lautostoppeur,588.0,11.56%,946xx,CA,1 year,0.0
6500.0,2007-09-17,sideburnz,557.0,14.88%,852xx,AZ,2 years,0.0
2000.0,2007-09-17,mlee1102,433.0,209.58%,787xx,TX,4 years,0.0
9000.0,2007-09-17,yabaha,625.0,8.5%,982xx,WA,1 year,0.0
18000.0,2007-09-18,icyblue76,707.0,8.72%,112xx,NY,1 year,0.0
5000.0,2007-09-18,jlydick,648.0,11.74%,640xx,MO,10+ years,0.0
1500.0,2007-09-18,mission686,391.0,3.48%,104xx,NY,< 1 year,0.0
2000.0,2007-09-18,rose,459.0,20.3%,441xx,OH,10+ years,0.0
2500.0,2007-09-18,elcarmom,535.0,23.38%,447xx,OH,< 1 year,0.0
6000.0,2007-09-18,TabbiCat,669.0,5.05%,300xx,GA,< 1 year,0.0
4500.0,2007-09-18,Rhar7128,536.0,8.36%,064xx,CT,3 years,0.0
25000.0,2007-09-18,moorsense,529.0,5.11%,232xx,VA,< 1 year,0.0
14250.0,2007-09-18,CMoonMaura,579.0,11.84%,023xx,MA,< 1 year,0.0
5000.0,2007-09-18,Lathomas,542.0,10.8%,725xx,AR,5 years,0.0
1000.0,2007-09-18,LarissaLou,505.0,47.16%,147xx,NY,6 years,0.0
4500.0,2007-09-18,skipher,547.0,0.9%,852xx,AZ,3 years,0.0
5750.0,2007-09-18,Daybyday,504.0,25.31%,212xx,MD,1 year,0.0
500.0,2007-09-18,JuniorTheGr8,556.0,57.33%,321xx,FL,1 year,0.0
7275.0,2007-09-18,Helped mother and brother and now I need,400.0,8.56%,212xx,MD,< 1 year,0.0
1000.0,2007-09-19,ejh4isu,621.0,40.96%,528xx,IA,< 1 year,0.0
5000.0,2007-09-19,clettenberg,475.0,12.93%,604xx,IN,10+ years,0.0
6500.0,2007-09-19,Chere,474.0,0%,334xx,FL,3 years,0.0
6000.0,2007-09-19,Looking to wrangle thinsg into one debt,605.0,19.8%,467xx,IN,< 1 year,0.0
